symbol,expiry,spot,call_oi,put_oi,put_call_ratio,call_iv_w,put_iv_w,call_top_strikes,put_top_strikes,hv20,hv60
AAPL,2025-10-31,268.80999755859375,195546,103972,0.5317009808433821,0.5142366735650821,0.5495450948098368,"262.5,265.0,270.0,275.0,260.0","250.0,237.5,260.0,262.5,270.0",0.23768487474231123,0.26422619177738804
AAPL,2025-11-07,268.80999755859375,138989,30582,0.22003180107778314,0.361910476850138,0.45637828039957523,"285.0,270.0,257.5,280.0,275.0","250.0,255.0,240.0,260.0,230.0",0.23768487474231123,0.26422619177738804
AAPL,2025-11-14,268.80999755859375,25082,11761,0.46890200143529226,0.3221648040825019,0.40992138347513185,"270.0,275.0,280.0,260.0,285.0","235.0,245.0,230.0,240.0,225.0",0.23768487474231123,0.26422619177738804
AAPL,2025-11-21,268.80999755859375,381485,245270,0.6429348467174332,0.35773752628223565,0.4360425028563592,"220.0,280.0,260.0,265.0,250.0","250.0,230.0,210.0,200.0,220.0",0.23768487474231123,0.26422619177738804
AAPL,2025-11-28,268.80999755859375,15820,6736,0.4257901390644753,0.29221615272832535,0.33892188527929523,"255.0,280.0,260.0,285.0,270.0","220.0,250.0,260.0,235.0,240.0",0.23768487474231123,0.26422619177738804
AAPL,2025-12-05,268.80999755859375,983,258,0.2624618514750763,0.2855966629962785,0.2885912688641215,"270.0,265.0,280.0,275.0,260.0","245.0,265.0,270.0,250.0,230.0",0.23768487474231123,0.26422619177738804
AAPL,2025-12-19,268.80999755859375,462810,307816,0.665102309803159,0.3694825402823623,0.5348218539718503,"300.0,250.0,260.0,270.0,275.0","230.0,200.0,195.0,220.0,170.0",0.23768487474231123,0.26422619177738804
AAPL,2026-01-16,268.80999755859375,949755,601414,0.6332306752794141,0.3793873224244579,0.4878676051158396,"270.0,290.0,260.0,150.0,300.0","150.0,180.0,200.0,210.0,170.0",0.23768487474231123,0.26422619177738804
AAPL,2026-02-20,268.80999755859375,124682,89300,0.716222068943392,0.3044191052399976,0.3276661379385919,"275.0,260.0,265.0,400.0,270.0","220.0,210.0,230.0,180.0,200.0",0.23768487474231123,0.26422619177738804
AAPL,2026-03-20,268.80999755859375,147215,142733,0.9695547328736881,0.3181437168276527,0.3331553440543308,"280.0,240.0,250.0,300.0,260.0","250.0,220.0,210.0,170.0,230.0",0.23768487474231123,0.26422619177738804
AAPL,2026-04-17,268.80999755859375,34064,28627,0.8403886801315171,0.2931236912102965,0.2891509726013925,"305.0,260.0,290.0,270.0,285.0","225.0,200.0,215.0,240.0,235.0",0.23768487474231123,0.26422619177738804
AAPL,2026-05-15,268.80999755859375,24600,24915,1.0128048780487804,0.3068625587529376,0.40175028054556633,"310.0,270.0,260.0,300.0,290.0","260.0,5.0,210.0,220.0,230.0",0.23768487474231123,0.26422619177738804
AAPL,2026-06-18,268.80999755859375,209575,171708,0.819315280925683,0.33821072524613627,0.43863985629846836,"250.0,300.0,280.0,230.0,270.0","195.0,150.0,190.0,160.0,200.0",0.23768487474231123,0.26422619177738804
AAPL,2026-08-21,268.80999755859375,21318,9279,0.43526597241767523,0.2969429913565424,0.3102526947133964,"310.0,280.0,270.0,250.0,260.0","200.0,230.0,220.0,240.0,210.0",0.23768487474231123,0.26422619177738804
AAPL,2026-09-18,268.80999755859375,64917,62874,0.9685290447802579,0.3218186844365182,0.31099648792099754,"300.0,260.0,310.0,250.0,280.0","200.0,205.0,250.0,185.0,160.0",0.23768487474231123,0.26422619177738804
AAPL,2026-12-18,268.80999755859375,124740,95267,0.7637245470578804,0.3712711559456132,0.375262923675532,"200.0,250.0,300.0,240.0,210.0","220.0,200.0,240.0,180.0,230.0",0.23768487474231123,0.26422619177738804
AAPL,2027-01-15,268.80999755859375,180220,161122,0.8940295194761958,0.34295524962664564,0.3489380281958403,"300.0,450.0,260.0,200.0,280.0","200.0,210.0,145.0,220.0,180.0",0.23768487474231123,0.26422619177738804
AAPL,2027-06-17,268.80999755859375,51140,30938,0.6049667579194369,0.34973420972162156,0.3107824281245537,"200.0,230.0,220.0,210.0,300.0","200.0,195.0,180.0,150.0,170.0",0.23768487474231123,0.26422619177738804
AAPL,2027-12-17,268.80999755859375,76035,39487,0.519326625895969,0.34879742790106577,0.29203031579458766,"440.0,300.0,250.0,200.0,400.0","200.0,180.0,140.0,230.0,195.0",0.23768487474231123,0.26422619177738804
AAPL,2028-01-21,268.80999755859375,16461,7905,0.480225988700565,0.3371420163543684,0.2655989832168956,"450.0,250.0,300.0,270.0,290.0","220.0,170.0,280.0,260.0,200.0",0.23768487474231123,0.26422619177738804
MSFT,2025-10-31,531.52001953125,78368,70119,0.894740200081666,0.590542842803829,0.6147191831416501,"550.0,600.0,525.0,530.0,540.0","510.0,355.0,505.0,475.0,500.0",0.1382631102816802,0.15078117031739197
MSFT,2025-11-07,531.52001953125,35378,18385,0.5196732432585223,0.41101384362827137,0.40279248506496124,"550.0,555.0,520.0,525.0,535.0","460.0,515.0,510.0,470.0,490.0",0.1382631102816802,0.15078117031739197
MSFT,2025-11-14,531.52001953125,16766,50095,2.987892162710247,0.34473776945523454,0.32092920189105906,"550.0,525.0,545.0,535.0,520.0","515.0,520.0,525.0,480.0,470.0",0.1382631102816802,0.15078117031739197
MSFT,2025-11-21,531.52001953125,171803,82716,0.4814584145794893,0.3329267636148881,0.3485822023940657,"485.0,515.0,565.0,520.0,550.0","400.0,420.0,440.0,500.0,485.0",0.1382631102816802,0.15078117031739197
MSFT,2025-11-28,531.52001953125,6183,3679,0.5950185993854116,0.3019815262287996,0.3154557278129658,"515.0,520.0,525.0,550.0,450.0","395.0,480.0,495.0,485.0,520.0",0.1382631102816802,0.15078117031739197
MSFT,2025-12-05,531.52001953125,150,319,2.1266666666666665,0.30234584379882806,0.2999322278980027,"595.0,525.0,530.0,520.0,550.0","485.0,470.0,490.0,495.0,480.0",0.1382631102816802,0.15078117031739197
MSFT,2025-12-19,531.52001953125,244056,177699,0.7281074835283705,0.3405885637055784,0.41165497533436446,"500.0,600.0,505.0,480.0,485.0","475.0,405.0,240.0,435.0,300.0",0.1382631102816802,0.15078117031739197
MSFT,2026-01-16,531.52001953125,273956,203192,0.7416957467622538,0.3499215071898372,0.3526562400218956,"520.0,600.0,350.0,550.0,510.0","350.0,360.0,470.0,400.0,480.0",0.1382631102816802,0.15078117031739197
MSFT,2026-02-20,531.52001953125,27546,21174,0.7686778479634067,0.29108170039174236,0.27945843105892304,"510.0,560.0,515.0,570.0,530.0","460.0,480.0,455.0,445.0,450.0",0.1382631102816802,0.15078117031739197
MSFT,2026-03-20,531.52001953125,54873,84929,1.5477375029613836,0.3041000258889119,0.2837962442645556,"600.0,540.0,500.0,550.0,560.0","550.0,350.0,400.0,450.0,420.0",0.1382631102816802,0.15078117031739197
MSFT,2026-04-17,531.52001953125,13464,13939,1.0352792632204397,0.27386198348315643,0.2612921516415118,"740.0,600.0,515.0,550.0,530.0","450.0,460.0,465.0,480.0,410.0",0.1382631102816802,0.15078117031739197
MSFT,2026-05-15,531.52001953125,14343,8286,0.5777034093285923,0.2823557923047549,0.28526792175469756,"760.0,600.0,540.0,550.0,700.0","480.0,470.0,250.0,500.0,450.0",0.1382631102816802,0.15078117031739197
MSFT,2026-06-18,531.52001953125,72875,63834,0.8759382504288165,0.3045673590998686,0.30197891673286625,"500.0,635.0,450.0,760.0,600.0","450.0,440.0,420.0,400.0,350.0",0.1382631102816802,0.15078117031739197
MSFT,2026-08-21,531.52001953125,4058,4908,1.209462789551503,0.29539945430118264,0.26963928718147184,"520.0,500.0,550.0,600.0,540.0","450.0,470.0,480.0,440.0,380.0",0.1382631102816802,0.15078117031739197
MSFT,2026-09-18,531.52001953125,19188,22983,1.1977798624140088,0.297284376396766,0.26266442277149216,"560.0,520.0,600.0,590.0,610.0","460.0,470.0,480.0,450.0,440.0",0.1382631102816802,0.15078117031739197
MSFT,2026-12-18,531.52001953125,108857,57785,0.5308340299659186,0.3388472124514154,0.2702753597435795,"570.0,675.0,360.0,380.0,700.0","475.0,500.0,480.0,400.0,420.0",0.1382631102816802,0.15078117031739197
MSFT,2027-01-15,531.52001953125,53681,38493,0.71706935414765,0.322894627885286,0.277939480959946,"650.0,600.0,500.0,590.0,290.0","350.0,420.0,380.0,340.0,500.0",0.1382631102816802,0.15078117031739197
MSFT,2027-06-17,531.52001953125,14663,11613,0.7919934529086817,0.3206193713384655,0.2654305751195861,"490.0,800.0,390.0,510.0,520.0","300.0,380.0,510.0,360.0,500.0",0.1382631102816802,0.15078117031739197
MSFT,2027-12-17,531.52001953125,40289,27615,0.6854228201245998,0.35591835343419764,0.2840328442607757,"500.0,660.0,600.0,400.0,195.0","175.0,550.0,220.0,340.0,350.0",0.1382631102816802,0.15078117031739197
MSFT,2028-01-21,531.52001953125,3938,2796,0.7100050787201625,0.3180883557755358,0.2323105323252862,"760.0,500.0,590.0,780.0,520.0","570.0,260.0,410.0,400.0,450.0",0.1382631102816802,0.15078117031739197
AMZN,2025-10-31,226.97000122070312,255680,147652,0.5774874843554443,0.8091313633583032,0.902371631595962,"230.0,240.0,250.0,235.0,232.5","200.0,210.0,195.0,185.0,220.0",0.2718284980714421,0.2616371294967394
AMZN,2025-11-07,226.97000122070312,80385,48128,0.598718666417864,0.5699654957482448,0.6521356886616159,"240.0,230.0,250.0,220.0,235.0","150.0,155.0,225.0,215.0,200.0",0.2718284980714421,0.2616371294967394
AMZN,2025-11-14,226.97000122070312,26830,19290,0.7189713007827059,0.4799228981833954,0.5523737636625726,"240.0,245.0,285.0,235.0,225.0","150.0,215.0,210.0,220.0,200.0",0.2718284980714421,0.2616371294967394
AMZN,2025-11-21,226.97000122070312,381496,207181,0.5430751567513159,0.45583429166835066,0.48319112167371137,"210.0,240.0,230.0,250.0,220.0","200.0,215.0,205.0,210.0,220.0",0.2718284980714421,0.2616371294967394
AMZN,2025-11-28,226.97000122070312,12236,7314,0.5977443609022557,0.4076896566482648,0.4166607921154094,"245.0,230.0,250.0,225.0,240.0","195.0,190.0,180.0,210.0,205.0",0.2718284980714421,0.2616371294967394
AMZN,2025-12-05,226.97000122070312,1364,1305,0.9567448680351907,0.40216738757136283,0.38606496140052526,"255.0,240.0,235.0,250.0,245.0","235.0,230.0,195.0,210.0,215.0",0.2718284980714421,0.2616371294967394
AMZN,2025-12-19,226.97000122070312,490395,282487,0.576039723080374,0.4516813811830525,0.5498477071025631,"235.0,300.0,250.0,260.0,240.0","200.0,210.0,205.0,100.0,180.0",0.2718284980714421,0.2616371294967394
AMZN,2026-01-16,226.97000122070312,457599,349122,0.7629431008371959,0.40505414065771567,0.42310099432138737,"250.0,240.0,300.0,260.0,230.0","200.0,190.0,180.0,210.0,150.0",0.2718284980714421,0.2616371294967394
AMZN,2026-02-20,226.97000122070312,89649,55118,0.6148200203013977,0.3809466435181191,0.3560445613193986,"250.0,235.0,270.0,245.0,265.0","180.0,185.0,200.0,220.0,210.0",0.2718284980714421,0.2616371294967394
AMZN,2026-03-20,226.97000122070312,137668,119158,0.8655460964058459,0.3925753264721043,0.36226318615616837,"300.0,250.0,220.0,230.0,260.0","200.0,160.0,180.0,220.0,175.0",0.2718284980714421,0.2616371294967394
AMZN,2026-04-17,226.97000122070312,45102,26305,0.5832335594873842,0.37482981114742614,0.3369216783114652,"350.0,300.0,270.0,250.0,230.0","190.0,200.0,225.0,205.0,180.0",0.2718284980714421,0.2616371294967394
AMZN,2026-05-15,226.97000122070312,63915,27162,0.42497066416334195,0.3817255189504062,0.33612547695283773,"260.0,210.0,225.0,235.0,240.0","195.0,200.0,210.0,180.0,160.0",0.2718284980714421,0.2616371294967394
AMZN,2026-06-18,226.97000122070312,171257,154263,0.9007690196605103,0.4221830486756613,0.3563253568468643,"250.0,300.0,220.0,230.0,225.0","200.0,210.0,170.0,160.0,190.0",0.2718284980714421,0.2616371294967394
AMZN,2026-08-21,226.97000122070312,15847,20081,1.2671799078689974,0.4025913776470836,0.3228923516026647,"240.0,350.0,120.0,250.0,290.0","180.0,200.0,170.0,215.0,195.0",0.2718284980714421,0.2616371294967394
AMZN,2026-09-18,226.97000122070312,48148,67259,1.3969219905292016,0.3834930552465412,0.32013174352952106,"260.0,240.0,290.0,350.0,230.0","180.0,190.0,195.0,200.0,175.0",0.2718284980714421,0.2616371294967394
AMZN,2026-12-18,226.97000122070312,85160,107420,1.2613903240958195,0.4226143595495354,0.33890470573466064,"170.0,235.0,300.0,200.0,250.0","180.0,175.0,170.0,150.0,130.0",0.2718284980714421,0.2616371294967394
AMZN,2027-01-15,226.97000122070312,126950,126803,0.9988420638046475,0.3978709460787075,0.3260550727526037,"300.0,250.0,200.0,220.0,270.0","180.0,170.0,160.0,150.0,190.0",0.2718284980714421,0.2616371294967394
AMZN,2027-06-17,226.97000122070312,63355,35461,0.5597190434851235,0.39614383451176965,0.31080208844612567,"350.0,180.0,280.0,200.0,300.0","200.0,165.0,150.0,180.0,160.0",0.2718284980714421,0.2616371294967394
AMZN,2027-12-17,226.97000122070312,65067,68411,1.0513931793382205,0.4245282349968317,0.311135490688412,"200.0,300.0,225.0,220.0,350.0","140.0,120.0,135.0,185.0,220.0",0.2718284980714421,0.2616371294967394
AMZN,2028-01-21,226.97000122070312,13785,12000,0.8705114254624592,0.41393006864246795,0.29834680440322875,"220.0,230.0,340.0,200.0,250.0","150.0,220.0,170.0,155.0,200.0",0.2718284980714421,0.2616371294967394
SPY,2025-10-28,685.239990234375,90111,160097,1.7766643362075663,0.1648645609486825,0.43806484376495974,"682.0,683.0,684.0,686.0,681.0","655.0,646.0,650.0,653.0,649.0",0.13755861549797505,0.1066722205946459
SPY,2025-10-29,685.239990234375,70582,102428,1.4511915219177693,0.1844532548174156,0.30671466461943175,"675.0,670.0,700.0,685.0,681.0","671.0,658.0,655.0,651.0,670.0",0.13755861549797505,0.1066722205946459
SPY,2025-10-30,685.239990234375,31041,80472,2.59244225379337,0.1794811440581995,0.34346178251569676,"680.0,688.0,690.0,677.0,670.0","665.0,655.0,667.0,670.0,660.0",0.13755861549797505,0.1066722205946459
SPY,2025-10-31,685.239990234375,536372,1923456,3.58604848873543,0.2884335698737884,0.6429771741683213,"780.0,650.0,660.0,670.0,700.0","480.0,510.0,560.0,530.0,430.0",0.13755861549797505,0.1066722205946459
SPY,2025-11-03,685.239990234375,18953,39424,2.0800928612884504,0.15200305311977594,0.20848720973626358,"680.0,677.0,685.0,670.0,683.0","665.0,667.0,670.0,590.0,660.0",0.13755861549797505,0.1066722205946459
SPY,2025-11-04,685.239990234375,6659,14087,2.11548280522601,0.15038511128696133,0.21690561528524122,"670.0,675.0,690.0,685.0,691.0","670.0,630.0,625.0,660.0,650.0",0.13755861549797505,0.1066722205946459
SPY,2025-11-05,685.239990234375,10297,8049,0.7816839856268816,0.13269515512781144,0.2024508286481325,"705.0,700.0,695.0,698.0,685.0","651.0,640.0,670.0,620.0,650.0",0.13755861549797505,0.1066722205946459
SPY,2025-11-06,685.239990234375,4996,4863,0.97337870296237,0.1366254956802356,0.20193109775832668,"685.0,696.0,687.0,684.0,690.0","650.0,670.0,640.0,649.0,675.0",0.13755861549797505,0.1066722205946459
SPY,2025-11-07,685.239990234375,99974,729759,7.2994878668453795,0.16950204317160544,0.4083665523360723,"710.0,700.0,680.0,705.0,690.0","530.0,580.0,480.0,630.0,660.0",0.13755861549797505,0.1066722205946459
SPY,2025-11-14,685.239990234375,67848,530963,7.825772314585544,0.17374959652347785,0.3932198475014878,"765.0,770.0,680.0,700.0,695.0","530.0,480.0,580.0,615.0,635.0",0.13755861549797505,0.1066722205946459
SPY,2025-11-21,685.239990234375,466387,2168056,4.648620137353743,0.20225804316919183,0.32593295560756247,"670.0,680.0,700.0,690.0,685.0","500.0,515.0,565.0,550.0,450.0",0.13755861549797505,0.1066722205946459
SPY,2025-11-28,685.239990234375,145542,786680,5.4051751384480085,0.17368560939839822,0.3340082242620019,"674.0,710.0,690.0,700.0,695.0","520.0,470.0,570.0,540.0,610.0",0.13755861549797505,0.1066722205946459
SPY,2025-12-05,685.239990234375,3387,5661,1.671390611160319,0.16096060685231267,0.17664336127980146,"671.0,695.0,705.0,697.0,715.0","675.0,660.0,670.0,645.0,657.0",0.13755861549797505,0.1066722205946459
SPY,2025-12-19,685.239990234375,764099,2138977,2.7993453727854636,0.24279941811690794,0.4535325074719598,"700.0,680.0,710.0,690.0,660.0","505.0,555.0,455.0,150.0,520.0",0.13755861549797505,0.1066722205946459
SPY,2025-12-31,685.239990234375,201638,321812,1.5959888513077891,0.20955199435357785,0.2814285915948209,"700.0,696.0,690.0,680.0,600.0","530.0,631.0,640.0,600.0,560.0",0.13755861549797505,0.1066722205946459
SPY,2026-01-16,685.239990234375,547646,878383,1.603924798136022,0.22241499668917444,0.3446152895986992,"650.0,840.0,700.0,740.0,600.0","550.0,600.0,500.0,525.0,580.0",0.13755861549797505,0.1066722205946459
SPY,2026-01-30,685.239990234375,38979,66260,1.6998896841889222,0.1789550186351705,0.24253167314466667,"715.0,700.0,685.0,680.0,650.0","600.0,450.0,650.0,560.0,630.0",0.13755861549797505,0.1066722205946459
SPY,2026-02-20,685.239990234375,64239,171341,2.667242640763399,0.17577188201222343,0.27537665909464204,"695.0,790.0,800.0,710.0,675.0","450.0,610.0,630.0,500.0,400.0",0.13755861549797505,0.1066722205946459
SPY,2026-02-27,685.239990234375,16438,16650,1.0128969461004989,0.18036070649019045,0.24024433980688148,"665.0,790.0,750.0,760.0,640.0","615.0,530.0,560.0,420.0,685.0",0.13755861549797505,0.1066722205946459
SPY,2026-03-20,685.239990234375,316844,709968,2.24074939086743,0.2006462688687178,0.27561795533832545,"750.0,700.0,670.0,650.0,800.0","610.0,615.0,500.0,245.0,580.0",0.13755861549797505,0.1066722205946459
SPY,2026-03-31,685.239990234375,62904,94634,1.5044194327864682,0.1878233675466099,0.2854468108331584,"800.0,700.0,770.0,640.0,755.0","400.0,600.0,500.0,635.0,630.0",0.13755861549797505,0.1066722205946459
SPY,2026-06-18,685.239990234375,273857,392523,1.4333137367312137,0.21433472006452453,0.2927262305472685,"800.0,715.0,750.0,550.0,660.0","250.0,450.0,500.0,520.0,570.0",0.13755861549797505,0.1066722205946459
SPY,2026-06-30,685.239990234375,25601,36676,1.4326002890512088,0.19486699834430907,0.20621768188367767,"715.0,725.0,670.0,650.0,695.0","615.0,555.0,550.0,640.0,620.0",0.13755861549797505,0.1066722205946459
SPY,2026-09-18,685.239990234375,231129,187615,0.8117328418329158,0.18575283781844923,0.23120343754335798,"750.0,730.0,800.0,765.0,790.0","600.0,400.0,685.0,580.0,550.0",0.13755861549797505,0.1066722205946459
SPY,2026-09-30,685.239990234375,15286,10258,0.6710715687557242,0.17885095202891066,0.19365706692688742,"800.0,670.0,850.0,820.0,700.0","598.0,690.0,470.0,505.0,640.0",0.13755861549797505,0.1066722205946459
SPY,2026-12-18,685.239990234375,261383,280629,1.0736314144378174,0.23215623581071687,0.26714993177473456,"750.0,400.0,785.0,770.0,840.0","400.0,410.0,450.0,480.0,520.0",0.13755861549797505,0.1066722205946459
SPY,2027-01-15,685.239990234375,211469,196802,0.9306423163678837,0.181029653894871,0.22666144667712973,"900.0,850.0,855.0,860.0,865.0","600.0,500.0,690.0,400.0,700.0",0.13755861549797505,0.1066722205946459
SPY,2027-06-17,685.239990234375,378,68,0.17989417989417988,0.1864286067444938,0.21654435654640194,"1000.0,760.0,765.0,655.0,710.0","570.0,500.0,550.0,200.0,575.0",0.13755861549797505,0.1066722205946459
SPY,2027-12-17,685.239990234375,106607,169984,1.5944919189171443,0.2342731830082474,0.23422846102476383,"900.0,700.0,1000.0,600.0,800.0","500.0,460.0,400.0,450.0,350.0",0.13755861549797505,0.1066722205946459
SPY,2028-01-21,685.239990234375,12854,16028,1.2469270266065038,0.19625201902796693,0.2541377807487738,"1000.0,900.0,680.0,660.0,1005.0","375.0,560.0,425.0,250.0,675.0",0.13755861549797505,0.1066722205946459
GLD,2025-10-29,367.010009765625,47534,46710,0.9826650397610132,0.46166938404412766,0.3987059275847075,"387.0,392.0,397.0,400.0,379.0","362.0,352.0,370.0,365.0,360.0",0.34584469822221114,0.22344174827761407
GLD,2025-10-31,367.010009765625,447656,181720,0.4059367013957146,0.40622973111564514,0.4638098858757716,"395.0,405.0,408.0,390.0,380.0","300.0,320.0,360.0,310.0,350.0",0.34584469822221114,0.22344174827761407
GLD,2025-11-03,367.010009765625,12378,12693,1.025448376151236,0.29468514755256414,0.2796987942139191,"387.0,386.0,400.0,380.0,390.0","383.0,382.0,374.0,373.0,370.0",0.34584469822221114,0.22344174827761407
GLD,2025-11-05,367.010009765625,5851,8730,1.492052640574261,0.30310035721558015,0.2474473769581588,"404.0,390.0,375.0,403.0,402.0","368.0,360.0,367.0,363.0,375.0",0.34584469822221114,0.22344174827761407
GLD,2025-11-07,367.010009765625,256466,63210,0.24646541841803593,0.3130282611784065,0.2911757955873523,"410.0,395.0,400.0,380.0,425.0","320.0,360.0,345.0,310.0,348.0",0.34584469822221114,0.22344174827761407
GLD,2025-11-14,367.010009765625,195804,42075,0.21488325059753632,0.2871750556624297,0.26590880304392445,"395.0,410.0,405.0,400.0,415.0","357.0,358.0,270.0,350.0,365.0",0.34584469822221114,0.22344174827761407
GLD,2025-11-21,367.010009765625,558650,442305,0.7917390136937259,0.29084447348512643,0.2595344748688101,"380.0,360.0,375.0,390.0,385.0","375.0,350.0,355.0,390.0,320.0",0.34584469822221114,0.22344174827761407
GLD,2025-11-28,367.010009765625,48535,27123,0.5588338312557948,0.265164423130097,0.2212378295207817,"415.0,425.0,410.0,390.0,373.0","375.0,370.0,345.0,340.0,350.0",0.34584469822221114,0.22344174827761407
GLD,2025-12-05,367.010009765625,3390,3359,0.9908554572271386,0.23572310270839453,0.21613257295263846,"367.0,372.0,389.0,391.0,370.0","380.0,375.0,373.0,368.0,371.0",0.34584469822221114,0.22344174827761407
GLD,2025-12-19,367.010009765625,373450,357737,0.9579247556567144,0.2824970824690238,0.28573265510721746,"390.0,400.0,320.0,370.0,410.0","200.0,360.0,340.0,320.0,365.0",0.34584469822221114,0.22344174827761407
GLD,2025-12-31,367.010009765625,80040,67271,0.8404672663668166,0.26477497105807296,0.2643621812890643,"395.0,415.0,400.0,450.0,500.0","350.0,290.0,370.0,305.0,223.0",0.34584469822221114,0.22344174827761407
GLD,2026-01-16,367.010009765625,503790,425236,0.8440739196887592,0.29748415865420536,0.28899084609737974,"400.0,475.0,390.0,350.0,320.0","185.0,340.0,320.0,250.0,350.0",0.34584469822221114,0.22344174827761407
GLD,2026-02-20,367.010009765625,91394,30444,0.33310720616233014,0.2449139735109856,0.1810254017740204,"420.0,490.0,475.0,400.0,380.0","375.0,365.0,370.0,415.0,357.0",0.34584469822221114,0.22344174827761407
GLD,2026-03-20,367.010009765625,267864,143574,0.5359958785055102,0.24601689598444654,0.20767478892703098,"380.0,420.0,385.0,415.0,400.0","340.0,330.0,285.0,230.0,315.0",0.34584469822221114,0.22344174827761407
GLD,2026-03-31,367.010009765625,31787,28876,0.9084216818196118,0.2539603134544051,0.2082730652360537,"400.0,375.0,380.0,410.0,340.0","230.0,315.0,305.0,360.0,350.0",0.34584469822221114,0.22344174827761407
GLD,2026-05-15,367.010009765625,89774,21589,0.24048165393098225,0.24109710574354448,0.19035955910246716,"420.0,425.0,400.0,450.0,335.0","280.0,390.0,375.0,320.0,300.0",0.34584469822221114,0.22344174827761407
GLD,2026-06-18,367.010009765625,288471,79842,0.27677652173008727,0.25385344542208377,0.20223957464797065,"425.0,420.0,300.0,380.0,410.0","300.0,315.0,350.0,220.0,289.0",0.34584469822221114,0.22344174827761407
GLD,2026-06-30,367.010009765625,15493,12027,0.7762860646743691,0.24873996754008526,0.17065681394790647,"430.0,400.0,340.0,450.0,318.0","450.0,455.0,380.0,375.0,395.0",0.34584469822221114,0.22344174827761407
GLD,2026-09-18,367.010009765625,211782,40193,0.1897847786875183,0.2653578462964497,0.17686705494660745,"555.0,550.0,460.0,450.0,400.0","290.0,340.0,300.0,295.0,320.0",0.34584469822221114,0.22344174827761407
GLD,2026-09-30,367.010009765625,10269,6836,0.6656928620118804,0.2421586997466292,0.16791866406450226,"395.0,500.0,400.0,415.0,385.0","285.0,360.0,356.0,370.0,333.0",0.34584469822221114,0.22344174827761407
GLD,2027-01-15,367.010009765625,146013,82509,0.5650798216597153,0.27474535760131835,0.2021185146455897,"350.0,360.0,375.0,400.0,500.0","300.0,370.0,225.0,200.0,305.0",0.34584469822221114,0.22344174827761407
GLD,2027-06-17,367.010009765625,42920,9150,0.21318732525629078,0.26739320906362507,0.17281817373777295,"450.0,400.0,350.0,380.0,600.0","325.0,300.0,400.0,410.0,340.0",0.34584469822221114,0.22344174827761407
GLD,2028-01-21,367.010009765625,17536,5716,0.3259580291970803,0.28711194507077226,0.16356814523045546,"450.0,600.0,400.0,500.0,725.0","300.0,380.0,375.0,365.0,360.0",0.34584469822221114,0.22344174827761407
AVGO,2025-10-31,362.04998779296875,88848,65783,0.740399333693499,0.6689972576629926,0.8147531652272925,"367.5,315.0,385.0,350.0,370.0","315.0,265.0,290.0,330.0,270.0",0.46331139060135523,0.4414879452756708
AVGO,2025-11-07,362.04998779296875,20316,19620,0.9657412876550502,0.5429316431254406,0.6652887898841726,"345.0,350.0,365.0,400.0,360.0","300.0,215.0,320.0,310.0,315.0",0.46331139060135523,0.4414879452756708
AVGO,2025-11-14,362.04998779296875,11022,8367,0.7591181273816004,0.5085135852367529,0.568597705662945,"345.0,340.0,420.0,365.0,350.0","310.0,305.0,340.0,295.0,300.0",0.46331139060135523,0.4414879452756708
AVGO,2025-11-21,362.04998779296875,115268,81851,0.710093000659333,0.5224021126911961,0.6074553247455833,"425.0,400.0,360.0,350.0,380.0","300.0,320.0,330.0,340.0,310.0",0.46331139060135523,0.4414879452756708
AVGO,2025-11-28,362.04998779296875,8095,4819,0.5953057442865967,0.4886470233763518,0.5217208735858437,"355.0,340.0,360.0,400.0,350.0","300.0,325.0,310.0,320.0,290.0",0.46331139060135523,0.4414879452756708
AVGO,2025-12-05,362.04998779296875,538,330,0.6133828996282528,0.4927622527945707,0.4962206732011274,"435.0,355.0,400.0,370.0,380.0","320.0,310.0,305.0,300.0,295.0",0.46331139060135523,0.4414879452756708
AVGO,2025-12-19,362.04998779296875,224172,169765,0.7572979676319969,0.7362468201431388,0.8691583779302071,"310.0,330.0,300.0,370.0,350.0","300.0,310.0,250.0,275.0,290.0",0.46331139060135523,0.4414879452756708
AVGO,2026-01-16,362.04998779296875,251317,280687,1.1168643585591107,0.7894913488309143,0.7620695570785193,"170.0,250.0,240.0,200.0,280.0","250.0,170.0,160.0,43.0,150.0",0.46331139060135523,0.4414879452756708
AVGO,2026-02-20,362.04998779296875,30405,40588,1.3349120210491696,0.5426203275332622,0.5729664056433328,"230.0,330.0,440.0,340.0,350.0","200.0,280.0,240.0,300.0,220.0",0.46331139060135523,0.4414879452756708
AVGO,2026-03-20,362.04998779296875,56878,77233,1.3578712331657232,0.5822014187077452,0.5999584647658182,"230.0,400.0,200.0,330.0,350.0","165.0,250.0,280.0,160.0,320.0",0.46331139060135523,0.4414879452756708
AVGO,2026-04-17,362.04998779296875,11223,13477,1.2008375657132675,0.5086406826193656,0.5051105055720158,"420.0,370.0,360.0,350.0,400.0","300.0,250.0,280.0,230.0,270.0",0.46331139060135523,0.4414879452756708
AVGO,2026-05-15,362.04998779296875,10455,13718,1.3120994739359157,0.5149848055078843,0.5494204657337808,"310.0,400.0,450.0,370.0,280.0","125.0,260.0,270.0,290.0,320.0",0.46331139060135523,0.4414879452756708
AVGO,2026-06-18,362.04998779296875,39759,60107,1.5117834955607536,0.5582130873628742,0.5520788156069745,"300.0,210.0,330.0,250.0,200.0","220.0,250.0,125.0,180.0,280.0",0.46331139060135523,0.4414879452756708
AVGO,2026-08-21,362.04998779296875,6565,8972,1.3666412795125666,0.5057479788906217,0.48395501308646954,"350.0,400.0,320.0,530.0,410.0","230.0,300.0,280.0,260.0,310.0",0.46331139060135523,0.4414879452756708
AVGO,2026-09-18,362.04998779296875,15832,31349,1.9801035876705406,0.520663381871729,0.49378540376979285,"400.0,360.0,450.0,340.0,380.0","280.0,250.0,230.0,260.0,240.0",0.46331139060135523,0.4414879452756708
AVGO,2026-12-18,362.04998779296875,33859,35374,1.0447443811098969,0.537368015464851,0.558672973610561,"225.0,200.0,255.0,450.0,370.0","90.0,85.0,140.0,100.0,120.0",0.46331139060135523,0.4414879452756708
AVGO,2027-01-15,362.04998779296875,42009,47055,1.1201171177604798,0.5394564755694866,0.5425126057998614,"370.0,300.0,250.0,450.0,340.0","200.0,85.0,220.0,160.0,150.0",0.46331139060135523,0.4414879452756708
AVGO,2027-06-17,362.04998779296875,13904,7411,0.533012082853855,0.5475299169118824,0.4921643977232421,"230.0,210.0,240.0,200.0,340.0","140.0,200.0,240.0,300.0,250.0",0.46331139060135523,0.4414879452756708
AVGO,2027-12-17,362.04998779296875,31182,23532,0.7546661535501251,0.5418479327474861,0.47593438781188735,"350.0,250.0,85.0,200.0,300.0","220.0,200.0,230.0,300.0,175.0",0.46331139060135523,0.4414879452756708
AVGO,2028-01-21,362.04998779296875,6483,2468,0.380687953108129,0.5072899185966905,0.43422157754564206,"350.0,300.0,520.0,400.0,360.0","280.0,260.0,250.0,370.0,230.0",0.46331139060135523,0.4414879452756708
META,2025-10-31,750.8200073242188,92173,82097,0.8906838228114524,0.8309612892067957,0.9307903065208786,"800.0,750.0,850.0,760.0,790.0","400.0,700.0,730.0,650.0,740.0",0.24718297062943226,0.22602302145392664
META,2025-11-07,750.8200073242188,27955,24280,0.8685387229475944,0.5584863669630203,0.5970936870544912,"750.0,800.0,735.0,780.0,740.0","605.0,615.0,700.0,600.0,680.0",0.24718297062943226,0.22602302145392664
META,2025-11-14,750.8200073242188,9694,10258,1.0581803177223024,0.4865162795239152,0.5119880599486496,"735.0,800.0,740.0,750.0,730.0","565.0,710.0,680.0,690.0,700.0",0.24718297062943226,0.22602302145392664
META,2025-11-21,750.8200073242188,123072,83270,0.6765958138325533,0.5387896265108215,0.495357204042041,"700.0,750.0,800.0,850.0,740.0","720.0,700.0,630.0,640.0,670.0",0.24718297062943226,0.22602302145392664
META,2025-11-28,750.8200073242188,4357,4092,0.9391783337158596,0.41389090963360586,0.4690679691208423,"760.0,835.0,800.0,775.0,735.0","485.0,660.0,700.0,495.0,665.0",0.24718297062943226,0.22602302145392664
META,2025-12-05,750.8200073242188,540,309,0.5722222222222222,0.43029987520853685,0.404058841989758,"755.0,750.0,735.0,745.0,910.0","645.0,700.0,655.0,730.0,740.0",0.24718297062943226,0.22602302145392664
META,2025-12-19,750.8200073242188,177979,158071,0.888144106889015,0.6460609921460644,0.7990382101168124,"600.0,800.0,750.0,850.0,820.0","185.0,210.0,600.0,550.0,500.0",0.24718297062943226,0.22602302145392664
META,2026-01-16,750.8200073242188,197816,154550,0.7812815950175921,0.47226118627955266,0.886401677546698,"800.0,900.0,1360.0,1000.0,700.0","5.0,600.0,10.0,500.0,650.0",0.24718297062943226,0.22602302145392664
META,2026-02-20,750.8200073242188,24752,22197,0.8967760180995475,0.39396200386982844,0.38870326970471225,"820.0,830.0,750.0,740.0,800.0","660.0,650.0,700.0,550.0,630.0",0.24718297062943226,0.22602302145392664
META,2026-03-20,750.8200073242188,44495,52968,1.1904258905495,0.42459167924566554,0.5253461199771484,"800.0,750.0,700.0,550.0,1000.0","450.0,5.0,500.0,600.0,440.0",0.24718297062943226,0.22602302145392664
META,2026-04-17,750.8200073242188,10238,8807,0.8602266067591327,0.398024398650281,0.360840468540445,"700.0,720.0,1140.0,430.0,1120.0","550.0,600.0,650.0,450.0,680.0",0.24718297062943226,0.22602302145392664
META,2026-05-15,750.8200073242188,15401,9943,0.6456074280890851,0.3968077114342166,0.38480359502931055,"1400.0,1000.0,750.0,1380.0,1390.0","630.0,580.0,650.0,500.0,780.0",0.24718297062943226,0.22602302145392664
META,2026-06-18,750.8200073242188,191965,103012,0.536618654442216,0.5582832331129941,0.8916835051634122,"1030.0,950.0,1000.0,750.0,900.0","5.0,500.0,600.0,400.0,560.0",0.24718297062943226,0.22602302145392664
META,2026-08-21,750.8200073242188,4422,9319,2.107417458163727,0.3948656034644035,0.3509402398068767,"830.0,700.0,730.0,950.0,760.0","750.0,520.0,600.0,550.0,650.0",0.24718297062943226,0.22602302145392664
META,2026-09-18,750.8200073242188,18253,17841,0.9774283679395168,1.083618901685291,0.35938857525932777,"5.0,760.0,800.0,950.0,750.0","620.0,580.0,700.0,600.0,500.0",0.24718297062943226,0.22602302145392664
META,2026-12-18,750.8200073242188,50706,26554,0.5236855598942926,0.6242240333248167,0.4305900133947648,"5.0,410.0,470.0,845.0,800.0","450.0,550.0,350.0,200.0,680.0",0.24718297062943226,0.22602302145392664
META,2027-01-15,750.8200073242188,136742,40042,0.2928288309370932,0.39505831484586146,0.39307119070217145,"1430.0,1250.0,1150.0,900.0,1000.0","550.0,500.0,450.0,100.0,600.0",0.24718297062943226,0.22602302145392664
META,2027-06-17,750.8200073242188,9185,4401,0.47915078933043004,0.42669569999404516,0.33519851388404703,"780.0,680.0,740.0,660.0,700.0","760.0,640.0,420.0,660.0,560.0",0.24718297062943226,0.22602302145392664
META,2027-12-17,750.8200073242188,50993,20801,0.4079187339438746,1.1801318040936615,0.38699383642895097,"5.0,1300.0,1030.0,1000.0,700.0","500.0,290.0,400.0,600.0,200.0",0.24718297062943226,0.22602302145392664
META,2028-01-21,750.8200073242188,5262,4245,0.80672748004561,0.6405967181732282,0.33570824282400175,"1500.0,5.0,800.0,1000.0,720.0","500.0,640.0,700.0,720.0,660.0",0.24718297062943226,0.22602302145392664
NVDA,2025-10-31,191.49000549316406,651219,465883,0.7154014240984984,0.618565686694223,1.065904444796603,"190.0,187.5,197.5,195.0,200.0","180.0,170.0,185.0,165.0,175.0",0.3282958924120902,0.2985370647231691
NVDA,2025-11-07,191.49000549316406,259250,186535,0.7195178399228543,0.5055513796890727,0.7331511075068697,"200.0,195.0,210.0,190.0,205.0","175.0,180.0,195.0,170.0,160.0",0.3282958924120902,0.2985370647231691
NVDA,2025-11-14,191.49000549316406,274044,152891,0.5579067594984747,0.4923878444955542,0.7095397725435686,"185.0,190.0,195.0,200.0,205.0","185.0,95.0,165.0,170.0,160.0",0.3282958924120902,0.2985370647231691
NVDA,2025-11-21,191.49000549316406,956457,717824,0.7505031590547196,0.5990960793525678,0.7710361756371278,"180.0,200.0,165.0,170.0,210.0","160.0,170.0,165.0,180.0,175.0",0.3282958924120902,0.2985370647231691
NVDA,2025-11-28,191.49000549316406,58922,35570,0.6036794406164081,0.5007436139164002,0.5215065739813872,"200.0,180.0,190.0,185.0,220.0","185.0,190.0,180.0,160.0,165.0",0.3282958924120902,0.2985370647231691
NVDA,2025-12-05,191.49000549316406,2052,1546,0.753411306042885,0.4912008618122421,0.5375202034164369,"190.0,185.0,200.0,210.0,195.0","165.0,160.0,155.0,180.0,170.0",0.3282958924120902,0.2985370647231691
NVDA,2025-12-19,191.49000549316406,1626536,1718284,1.0564069900696942,0.7688924090845496,0.9614227720284632,"200.0,260.0,230.0,100.0,220.0","100.0,160.0,110.0,120.0,180.0",0.3282958924120902,0.2985370647231691
NVDA,2026-01-16,191.49000549316406,2004748,1901889,0.9486923044691902,0.9225112991488341,0.8152075486295939,"100.0,200.0,300.0,140.0,180.0","120.0,100.0,90.0,150.0,140.0",0.3282958924120902,0.2985370647231691
NVDA,2026-02-20,191.49000549316406,184828,191869,1.0380948773995282,0.4615501497857496,0.47102975633245486,"210.0,260.0,200.0,180.0,220.0","140.0,150.0,130.0,160.0,170.0",0.3282958924120902,0.2985370647231691
NVDA,2026-03-20,191.49000549316406,685859,555471,0.809890954263194,0.553434880655682,0.5519939192831944,"120.0,190.0,200.0,150.0,140.0","110.0,140.0,135.0,90.0,80.0",0.3282958924120902,0.2985370647231691
NVDA,2026-04-17,191.49000549316406,72243,120714,1.670943897678668,0.5704656649728359,0.5320189938364654,"200.0,190.0,210.0,185.0,230.0","140.0,130.0,135.0,160.0,145.0",0.3282958924120902,0.2985370647231691
NVDA,2026-05-15,191.49000549316406,60037,100746,1.6780651931309025,0.47139170755373366,0.4752644260177565,"180.0,200.0,210.0,340.0,175.0","140.0,180.0,170.0,130.0,135.0",0.3282958924120902,0.2985370647231691
NVDA,2026-06-18,191.49000549316406,817692,942445,1.152567225801402,0.8378370793272618,0.5898391918141699,"0.5,200.0,190.0,150.0,120.0","75.0,70.0,90.0,100.0,130.0",0.3282958924120902,0.2985370647231691
NVDA,2026-08-21,191.49000549316406,27715,80842,2.91690420349991,0.47857048450433776,0.43274291611834037,"180.0,185.0,250.0,200.0,270.0","170.0,120.0,145.0,180.0,130.0",0.3282958924120902,0.2985370647231691
NVDA,2026-09-18,191.49000549316406,173413,205288,1.1838097489807569,0.5223061976431671,0.4655647873833132,"150.0,140.0,220.0,200.0,180.0","130.0,95.0,140.0,120.0,170.0",0.3282958924120902,0.2985370647231691
NVDA,2026-12-18,191.49000549316406,837908,624298,0.7450674775751037,0.5908829022268023,0.6115070434576869,"0.5,164.0,130.0,228.0,180.0","25.0,90.0,0.5,100.0,45.0",0.3282958924120902,0.2985370647231691
NVDA,2027-01-15,191.49000549316406,570297,448852,0.7870495548810532,0.5238793059145777,0.5249145143998057,"340.0,300.0,200.0,180.0,280.0","100.0,90.0,15.0,80.0,120.0",0.3282958924120902,0.2985370647231691
NVDA,2027-06-17,191.49000549316406,153549,107658,0.7011312349803646,0.5703790572127292,0.4488117298380548,"105.0,180.0,200.0,150.0,190.0","80.0,100.0,125.0,85.0,120.0",0.3282958924120902,0.2985370647231691
NVDA,2027-12-17,191.49000549316406,387740,312476,0.8058905452107082,0.6273972679348387,0.48827792995396535,"200.0,5.0,230.0,210.0,100.0","100.0,90.0,5.0,75.0,60.0",0.3282958924120902,0.2985370647231691
NVDA,2028-01-21,191.49000549316406,64823,46472,0.7169060364376841,0.49519782716304356,0.42840074946591483,"380.0,200.0,195.0,350.0,360.0","80.0,100.0,120.0,110.0,105.0",0.3282958924120902,0.2985370647231691
GOOGL,2025-10-31,269.2699890136719,104391,68133,0.6526712072879846,0.8245810611405247,0.8834353288778609,"260.0,280.0,270.0,265.0,275.0","230.0,235.0,210.0,250.0,245.0",0.25902541993980094,0.279610107081606
GOOGL,2025-11-07,269.2699890136719,35183,18126,0.5151919961344967,0.5551595366029062,0.6017850217674885,"280.0,250.0,270.0,255.0,265.0","210.0,230.0,255.0,240.0,250.0",0.25902541993980094,0.279610107081606
GOOGL,2025-11-14,269.2699890136719,12581,20150,1.6016214927271282,0.4926277948036858,0.5001242717475682,"290.0,280.0,300.0,265.0,260.0","255.0,205.0,260.0,225.0,220.0",0.25902541993980094,0.279610107081606
GOOGL,2025-11-21,269.2699890136719,261529,166463,0.6364992027652765,0.5395991295693515,0.6523008132326156,"240.0,280.0,250.0,190.0,260.0","210.0,130.0,250.0,230.0,125.0",0.25902541993980094,0.279610107081606
GOOGL,2025-11-28,269.2699890136719,4428,24135,5.450542005420054,0.44422473147232894,0.4006134082003939,"255.0,265.0,260.0,280.0,310.0","250.0,200.0,255.0,230.0,220.0",0.25902541993980094,0.279610107081606
GOOGL,2025-12-05,269.2699890136719,218,459,2.1055045871559632,0.4356521906245521,0.42055889798033463,"280.0,300.0,275.0,270.0,265.0","230.0,240.0,220.0,245.0,225.0",0.25902541993980094,0.279610107081606
GOOGL,2025-12-19,269.2699890136719,283227,185020,0.6532569281883436,0.5173210943552766,0.6002229389597602,"260.0,300.0,280.0,200.0,185.0","150.0,130.0,170.0,210.0,230.0",0.25902541993980094,0.279610107081606
GOOGL,2026-01-16,269.2699890136719,452889,292616,0.6461097531624747,0.5058099234814644,0.5208438841953222,"260.0,280.0,200.0,240.0,250.0","200.0,160.0,140.0,150.0,170.0",0.25902541993980094,0.279610107081606
GOOGL,2026-02-20,269.2699890136719,44734,37208,0.8317610765860419,0.43915166405809164,0.42126883233830065,"200.0,270.0,290.0,225.0,240.0","200.0,230.0,140.0,175.0,190.0",0.25902541993980094,0.279610107081606
GOOGL,2026-03-20,269.2699890136719,94329,102398,1.0855410319201941,0.47707111774821287,0.4453931273893168,"300.0,260.0,240.0,200.0,270.0","150.0,130.0,125.0,140.0,145.0",0.25902541993980094,0.279610107081606
GOOGL,2026-04-17,269.2699890136719,15182,19482,1.2832301409563958,0.40558113832232784,0.36806329784448527,"340.0,300.0,250.0,270.0,260.0","200.0,210.0,250.0,280.0,160.0",0.25902541993980094,0.279610107081606
GOOGL,2026-05-15,269.2699890136719,17969,19351,1.0769102342923924,0.43727601292902873,0.4070867734495456,"250.0,265.0,200.0,260.0,300.0","170.0,150.0,140.0,265.0,195.0",0.25902541993980094,0.279610107081606
GOOGL,2026-06-18,269.2699890136719,92365,110679,1.1982785687219184,0.46559777503213395,0.42368804713660757,"300.0,240.0,160.0,165.0,380.0","140.0,130.0,145.0,150.0,135.0",0.25902541993980094,0.279610107081606
GOOGL,2026-08-21,269.2699890136719,11849,9302,0.7850451514895772,0.4246730486247449,0.37562123768014355,"260.0,240.0,250.0,300.0,245.0","145.0,190.0,220.0,230.0,245.0",0.25902541993980094,0.279610107081606
GOOGL,2026-09-18,269.2699890136719,29114,33498,1.1505804767465824,0.4308043947374223,0.3800520061369932,"260.0,330.0,170.0,270.0,250.0","210.0,130.0,190.0,230.0,240.0",0.25902541993980094,0.279610107081606
GOOGL,2026-12-18,269.2699890136719,160411,52786,0.32906720860788846,0.4124222806612363,0.39548287764336837,"300.0,310.0,340.0,200.0,250.0","160.0,170.0,130.0,150.0,140.0",0.25902541993980094,0.279610107081606
GOOGL,2027-01-15,269.2699890136719,140507,90027,0.6407296433629641,0.42382243538394826,0.38421761631746076,"360.0,250.0,380.0,300.0,200.0","150.0,130.0,100.0,155.0,120.0",0.25902541993980094,0.279610107081606
GOOGL,2027-06-17,269.2699890136719,23700,14350,0.6054852320675106,0.45011000813954033,0.36003029279174803,"200.0,160.0,155.0,250.0,300.0","125.0,140.0,175.0,250.0,165.0",0.25902541993980094,0.279610107081606
GOOGL,2027-12-17,269.2699890136719,51292,42794,0.8343211416985105,0.444450270827675,0.3465571291585224,"280.0,365.0,200.0,250.0,350.0","150.0,165.0,130.0,170.0,135.0",0.25902541993980094,0.279610107081606
GOOGL,2028-01-21,269.2699890136719,8689,5188,0.597076763724249,0.4131211429453352,0.33217717945103287,"380.0,330.0,250.0,270.0,370.0","190.0,200.0,260.0,195.0,90.0",0.25902541993980094,0.279610107081606
