Price,Adj Close,Close,High,Low,Open,Volume
Ticker,IFX.DE,IFX.DE,IFX.DE,IFX.DE,IFX.DE,IFX.DE
Date,,,,,,
2024-05-24,37.6658821105957,38.0099983215332,38.0099983215332,37.31999969482422,37.44499969482422,2410659
2024-05-27,37.71543502807617,38.060001373291016,38.2599983215332,37.80500030517578,38.13999938964844,1566671
2024-05-28,37.93839645385742,38.28499984741211,38.400001525878906,37.959999084472656,38.18000030517578,2477692
2024-05-29,36.72943878173828,37.064998626708984,38.30500030517578,36.96500015258789,38.255001068115234,3239201
2024-05-30,36.7492561340332,37.084999084472656,37.345001220703125,36.72999954223633,36.849998474121094,1859044
2024-05-31,36.49161148071289,36.82500076293945,37.28499984741211,36.439998626708984,36.80500030517578,6939292
2024-06-03,36.585750579833984,36.91999816894531,37.80500030517578,36.89500045776367,37.439998626708984,2417530
2024-06-04,36.37765121459961,36.709999084472656,37.540000915527344,36.68000030517578,36.90999984741211,3196628
2024-06-05,36.88303756713867,37.220001220703125,37.48500061035156,36.4900016784668,36.95000076293945,3127750
2024-06-06,36.32810592651367,36.65999984741211,37.900001525878906,36.474998474121094,37.82500076293945,2992281
2024-06-07,37.6658821105957,38.0099983215332,38.209999084472656,36.775001525878906,36.79999923706055,3817408
2024-06-10,37.37355422973633,37.71500015258789,38.0099983215332,37.314998626708984,38.0,2148111
2024-06-11,37.309146881103516,37.650001525878906,37.79499816894531,37.369998931884766,37.6150016784668,2219509
2024-06-12,38.16135787963867,38.5099983215332,38.650001525878906,37.529998779296875,37.77000045776367,3278093
2024-06-13,37.58660888671875,37.93000030517578,38.80500030517578,37.76499938964844,38.779998779296875,4069532
2024-06-14,36.1695556640625,36.5,38.05500030517578,36.415000915527344,38.01499938964844,4580273
2024-06-17,35.822723388671875,36.150001525878906,37.189998626708984,36.07500076293945,36.80500030517578,3216631
2024-06-18,35.659217834472656,35.98500061035156,36.54999923706055,35.60499954223633,36.470001220703125,3559599
2024-06-19,34.375938415527344,34.689998626708984,35.880001068115234,34.4900016784668,35.76499938964844,0
2024-06-20,34.668270111083984,34.98500061035156,35.15999984741211,34.525001525878906,34.88999938964844,4548021
2024-06-21,33.632728576660156,33.939998626708984,34.59000015258789,33.65999984741211,34.2599983215332,10936499
2024-06-24,33.6971435546875,34.005001068115234,34.35499954223633,33.71500015258789,33.939998626708984,2893428
2024-06-25,33.76155471801758,34.06999969482422,34.20500183105469,32.970001220703125,33.29999923706055,3558921
2024-06-26,34.058837890625,34.369998931884766,35.11000061035156,34.185001373291016,34.3849983215332,3163951
2024-06-27,33.682281494140625,33.9900016784668,34.57500076293945,33.85499954223633,34.5099983215332,3237582
2024-06-28,33.99442672729492,34.30500030517578,34.974998474121094,33.900001525878906,34.15999984741211,3684955
2024-07-01,34.05388641357422,34.3650016784668,34.8849983215332,34.125,34.869998931884766,2745520
2024-07-02,33.8309211730957,34.13999938964844,34.58000183105469,33.875,34.29999923706055,3340695
2024-07-03,34.41557693481445,34.72999954223633,34.994998931884766,34.42499923706055,34.70000076293945,3264656
2024-07-04,34.66331481933594,34.97999954223633,35.439998626708984,34.70500183105469,35.334999084472656,2044738
2024-07-05,35.45607376098633,35.779998779296875,36.22999954223633,35.26499938964844,35.26499938964844,3213070
2024-07-08,35.38175582885742,35.70500183105469,36.25,35.494998931884766,35.67499923706055,2386226
2024-07-09,34.66331481933594,34.97999954223633,35.849998474121094,34.755001068115234,35.81999969482422,2781781
2024-07-10,35.07455825805664,35.39500045776367,35.439998626708984,35.0,35.20500183105469,2276233
2024-07-11,34.98041915893555,35.29999923706055,36.040000915527344,35.244998931884766,35.65999984741211,2283656
2024-07-12,35.7583122253418,36.084999084472656,36.2599983215332,34.900001525878906,35.06999969482422,2774252
2024-07-15,35.421390533447266,35.744998931884766,36.189998626708984,35.40999984741211,35.9900016784668,2086420
2024-07-16,34.91600799560547,35.23500061035156,35.720001220703125,35.14500045776367,35.505001068115234,1551438
2024-07-17,34.61376953125,34.93000030517578,35.689998626708984,34.654998779296875,35.0,2946206
2024-07-18,34.152976989746094,34.46500015258789,35.040000915527344,33.9900016784668,34.904998779296875,2984941
2024-07-19,32.80033493041992,33.099998474121094,34.720001220703125,33.02000045776367,34.599998474121094,4551932
2024-07-22,33.90028762817383,34.209999084472656,34.529998779296875,33.11000061035156,33.11000061035156,3051881
2024-07-23,32.770606994628906,33.06999969482422,33.849998474121094,32.880001068115234,33.75,4326477
2024-07-24,32.294952392578125,32.59000015258789,33.334999084472656,32.53499984741211,32.900001525878906,3143925
2024-07-25,30.204055786132812,30.479999542236328,31.065000534057617,30.110000610351562,31.0,8366481
2024-07-26,30.44683837890625,30.725000381469727,31.15999984741211,30.125,30.424999237060547,3294869
2024-07-29,31.130592346191406,31.415000915527344,31.725000381469727,30.6299991607666,30.950000762939453,4136138
2024-07-30,31.31391716003418,31.600000381469727,31.950000762939453,31.450000762939453,31.530000686645508,3214319
2024-07-31,31.759841918945312,32.04999923706055,32.619998931884766,31.959999084472656,32.5,3838675
2024-08-01,30.818443298339844,31.100000381469727,32.439998626708984,30.860000610351562,32.345001220703125,4288979
2024-08-02,29.262657165527344,29.530000686645508,30.229999542236328,29.104999542236328,29.920000076293945,6632170
2024-08-05,29.65407943725586,29.924999237060547,30.475000381469727,27.799999237060547,28.0,8435325
2024-08-06,29.465801239013672,29.735000610351562,30.325000762939453,29.2450008392334,30.0,5633198
2024-08-07,30.09505271911621,30.3700008392334,30.829999923706055,29.565000534057617,29.90999984741211,3729501
2024-08-08,30.045503616333008,30.31999969482422,30.350000381469727,29.725000381469727,29.885000228881836,3690718
2024-08-09,29.891908645629883,30.165000915527344,30.795000076293945,30.09000015258789,30.549999237060547,2641825
2024-08-12,30.00586700439453,30.280000686645508,30.5,30.184999465942383,30.375,2101810
2024-08-13,30.025684356689453,30.299999237060547,30.59000015258789,30.010000228881836,30.575000762939453,2185749
2024-08-14,30.100006103515625,30.375,30.760000228881836,30.204999923706055,30.614999771118164,1864465
2024-08-15,31.37337303161621,31.65999984741211,31.69499969482422,30.469999313354492,30.56999969482422,4080729
2024-08-16,31.259414672851562,31.545000076293945,32.26499938964844,31.545000076293945,32.04499816894531,3584675
2024-08-19,31.274276733398438,31.559999465942383,31.7549991607666,31.354999542236328,31.479999542236328,1959526
2024-08-20,31.34859848022461,31.635000228881836,32.060001373291016,31.520000457763672,31.975000381469727,1928914
2024-08-21,31.819299697875977,32.11000061035156,32.54999923706055,31.600000381469727,31.69499969482422,3166508
2024-08-22,31.824254989624023,32.1150016784668,32.45000076293945,32.025001525878906,32.08000183105469,1968641
2024-08-23,31.908485412597656,32.20000076293945,32.369998931884766,31.645000457763672,32.040000915527344,2650116
2024-08-26,31.84902572631836,32.13999938964844,32.3849983215332,31.8700008392334,32.0,1507134
2024-08-27,32.096763610839844,32.38999938964844,32.60499954223633,31.979999542236328,32.03499984741211,2077970
2024-08-28,32.05217361450195,32.345001220703125,32.68000030517578,32.255001068115234,32.5,2572553
2024-08-29,32.56250762939453,32.86000061035156,33.11000061035156,32.099998474121094,32.3650016784668,2470761
2024-08-30,32.70124053955078,33.0,33.13999938964844,32.36000061035156,32.5,4948265
2024-09-02,32.52286911010742,32.81999969482422,32.900001525878906,31.979999542236328,32.81999969482422,2161680
2024-09-03,31.001768112182617,31.28499984741211,32.935001373291016,31.204999923706055,32.849998474121094,3769479
2024-09-04,29.81758689880371,30.09000015258789,30.684999465942383,29.780000686645508,30.479999542236328,4071885
2024-09-05,29.772993087768555,30.045000076293945,30.360000610351562,29.700000762939453,29.770000457763672,2412653
2024-09-06,28.717636108398438,28.979999542236328,30.165000915527344,28.979999542236328,30.040000915527344,4209581
2024-09-09,28.970327377319336,29.235000610351562,29.65999984741211,29.014999389648438,29.30500030517578,2673859
2024-09-10,28.26180076599121,28.520000457763672,29.325000762939453,28.3700008392334,29.274999618530273,3389602
2024-09-11,28.618539810180664,28.8799991607666,29.084999084472656,28.5049991607666,28.829999923706055,2757498
2024-09-12,28.990144729614258,29.2549991607666,29.934999465942383,29.2549991607666,29.610000610351562,2943718
2024-09-13,29.55498695373535,29.825000762939453,29.854999542236328,29.200000762939453,29.389999389648438,3065354
2024-09-16,28.78700065612793,29.049999237060547,29.700000762939453,28.924999237060547,29.700000762939453,2773837
2024-09-17,29.713537216186523,29.985000610351562,30.084999084472656,29.125,29.184999465942383,2502792
2024-09-18,29.90181541442871,30.174999237060547,30.31999969482422,29.56999969482422,29.829999923706055,2303734
2024-09-19,30.55584144592285,30.834999084472656,31.325000762939453,30.459999084472656,30.510000228881836,3815994
2024-09-20,28.806819915771484,29.06999969482422,30.524999618530273,28.875,30.524999618530273,11375016
2024-09-23,28.76222801208496,29.024999618530273,29.524999618530273,28.760000228881836,29.459999084472656,3330673
2024-09-24,29.223018646240234,29.489999771118164,30.209999084472656,29.229999542236328,29.6299991607666,3033630
2024-09-25,29.193288803100586,29.459999084472656,29.649999618530273,29.059999465942383,29.5,2717241
2024-09-26,30.35765266418457,30.635000228881836,31.075000762939453,30.1200008392334,30.149999618530273,5073186
2024-09-27,32.39900207519531,32.69499969482422,32.69499969482422,31.014999389648438,31.075000762939453,7120848
2024-09-30,31.175182342529297,31.459999084472656,32.875,31.309999465942383,32.400001525878906,5146738
2024-10-01,30.327922821044922,30.604999542236328,31.604999542236328,30.44499969482422,31.524999618530273,3811926
2024-10-02,30.35765266418457,30.635000228881836,30.809999465942383,30.030000686645508,30.719999313354492,3317299
2024-10-03,29.49057388305664,29.760000228881836,30.434999465942383,29.665000915527344,30.434999465942383,3240761
2024-10-04,30.090097427368164,30.364999771118164,30.545000076293945,29.645000457763672,29.684999465942383,2967671
2024-10-07,30.159461975097656,30.434999465942383,30.670000076293945,29.905000686645508,30.575000762939453,2096496
2024-10-08,29.60453224182129,29.875,30.075000762939453,29.264999389648438,29.670000076293945,3789685
2024-10-09,30.327922821044922,30.604999542236328,30.764999389648438,29.2549991607666,29.600000381469727,3875004
2024-10-10,30.134689331054688,30.40999984741211,30.75,30.024999618530273,30.31999969482422,2895186
2024-10-11,30.139644622802734,30.415000915527344,30.545000076293945,29.94499969482422,30.405000686645508,3283761
2024-10-14,30.763940811157227,31.045000076293945,31.309999465942383,30.434999465942383,30.545000076293945,2959324
2024-10-15,30.199100494384766,30.475000381469727,31.469999313354492,30.28499984741211,31.395000457763672,4527655
2024-10-16,30.100006103515625,30.375,30.635000228881836,29.979999542236328,30.260000228881836,3749927
2024-10-17,30.605388641357422,30.885000228881836,31.299999237060547,30.65999984741211,30.979999542236328,3863310
2024-10-18,30.486474990844727,30.764999389648438,31.790000915527344,30.670000076293945,30.924999237060547,3373247
2024-10-21,29.703628540039062,29.975000381469727,30.274999618530273,29.81999969482422,30.0,3408173
2024-10-22,29.406343460083008,29.674999237060547,30.100000381469727,29.635000228881836,29.75,5175806
2024-10-23,30.075233459472656,30.350000381469727,31.325000762939453,30.209999084472656,30.690000534057617,4850011
2024-10-24,30.352697372436523,30.6299991607666,31.364999771118164,30.530000686645508,30.790000915527344,3264577
2024-10-25,30.42206382751465,30.700000762939453,31.100000381469727,30.270000457763672,30.579999923706055,2650005
2024-10-28,30.699527740478516,30.979999542236328,31.135000228881836,29.735000610351562,31.0049991607666,4567033
2024-10-29,30.511249542236328,30.790000915527344,31.395000457763672,30.485000610351562,31.024999618530273,2807354
2024-10-30,29.45093536376953,29.719999313354492,30.469999313354492,29.565000534057617,30.145000457763672,3929927
2024-10-31,28.76222801208496,29.024999618530273,30.0049991607666,28.895000457763672,29.3799991607666,5154649
2024-11-01,28.76222801208496,29.024999618530273,29.024999618530273,29.024999618530273,29.024999618530273,0
2024-11-04,28.91582489013672,29.18000030517578,29.65999984741211,28.934999465942383,29.31999969482422,2680056
2024-11-05,29.074377059936523,29.34000015258789,29.424999237060547,28.81999969482422,29.075000762939453,0
2024-11-06,28.142887115478516,28.399999618530273,29.78499984741211,28.049999237060547,29.059999465942383,4855473
2024-11-07,28.677997589111328,28.940000534057617,29.270000457763672,28.219999313354492,28.485000610351562,4610766
2024-11-08,28.52440071105957,28.78499984741211,29.280000686645508,28.415000915527344,28.969999313354492,3784770
2024-11-11,29.49057388305664,29.760000228881836,30.764999389648438,28.924999237060547,29.155000686645508,5957683
2024-11-12,30.570707321166992,30.850000381469727,31.649999618530273,29.184999465942383,29.395000457763672,8690421
2024-11-13,29.133832931518555,29.399999618530273,30.895000457763672,29.280000686645508,30.649999618530273,6130491
2024-11-14,30.486474990844727,30.764999389648438,30.864999771118164,29.309999465942383,29.924999237060547,4475718
2024-11-15,30.015777587890625,30.290000915527344,30.6299991607666,29.90999984741211,30.100000381469727,4475234
2024-11-18,29.470754623413086,29.739999771118164,30.479999542236328,29.700000762939453,30.03499984741211,3246538
2024-11-19,28.836549758911133,29.100000381469727,30.024999618530273,28.510000228881836,29.93000030517578,4255012
2024-11-20,28.856369018554688,29.1200008392334,29.55500030517578,28.645000457763672,29.34000015258789,3194329
2024-11-21,28.80186653137207,29.065000534057617,29.190000534057617,28.709999084472656,29.040000915527344,2636450
2024-11-22,29.733354568481445,30.0049991607666,30.0049991607666,28.954999923706055,29.43000030517578,4257271
2024-11-25,30.134689331054688,30.40999984741211,30.790000915527344,30.0049991607666,30.260000228881836,9846783
2024-11-26,30.20901107788086,30.485000610351562,31.274999618530273,29.84000015258789,30.149999618530273,4722704
2024-11-27,29.78290367126465,30.05500030517578,30.3799991607666,29.885000228881836,30.25,2454403
2024-11-28,29.78290367126465,30.05500030517578,30.05500030517578,30.05500030517578,30.05500030517578,0
2024-11-29,30.53602409362793,30.815000534057617,30.90999984741211,29.799999237060547,29.81999969482422,3001978
2024-12-02,30.8382625579834,31.1200008392334,31.260000228881836,30.280000686645508,30.575000762939453,2952237
2024-12-03,31.507150650024414,31.795000076293945,31.795000076293945,30.674999237060547,31.399999618530273,4603866
2024-12-04,31.754884719848633,32.04499816894531,32.27000045776367,31.645000457763672,31.799999237060547,3706526
2024-12-05,32.042259216308594,32.334999084472656,32.380001068115234,31.579999923706055,31.799999237060547,4810924
2024-12-06,32.389095306396484,32.685001373291016,32.685001373291016,31.844999313354492,32.084999084472656,4695470
2024-12-09,33.10752868652344,33.40999984741211,33.439998626708984,32.90999984741211,33.119998931884766,4652678
2024-12-10,33.10752868652344,33.40999984741211,33.40999984741211,33.40999984741211,33.40999984741211,0
2024-12-11,32.79538345336914,33.095001220703125,33.375,33.029998779296875,33.310001373291016,2857392
2024-12-12,32.87961196899414,33.18000030517578,33.630001068115234,32.97999954223633,33.150001525878906,3038632
2024-12-13,32.72106170654297,33.02000045776367,33.19499969482422,32.654998779296875,33.10499954223633,2822245
2024-12-16,32.55259704589844,32.849998474121094,33.09000015258789,32.46500015258789,32.95000076293945,2792521
2024-12-17,32.686378479003906,32.98500061035156,33.54999923706055,32.650001525878906,32.67499923706055,3500161
2024-12-18,33.389949798583984,33.69499969482422,33.7599983215332,32.8849983215332,33.244998931884766,3502594
2024-12-19,31.591381072998047,31.8799991607666,33.18000030517578,31.8799991607666,33.0,6691498
2024-12-20,31.105815887451172,31.389999389648438,31.579999923706055,30.920000076293945,31.53499984741211,9054402
2024-12-23,31.254459381103516,31.540000915527344,31.625,31.100000381469727,31.139999389648438,1794179
2024-12-27,31.531923294067383,31.81999969482422,31.889999389648438,31.295000076293945,31.40999984741211,2062009
2024-12-30,31.115726470947266,31.399999618530273,31.889999389648438,31.399999618530273,31.68000030517578,1285760
2025-01-02,31.11077308654785,31.395000457763672,31.975000381469727,30.905000686645508,31.325000762939453,3387601
2025-01-03,30.719348907470703,31.0,31.344999313354492,30.530000686645508,31.31999969482422,2736099
2025-01-06,32.9737548828125,33.275001525878906,33.54999923706055,31.40999984741211,31.479999542236328,7005897
2025-01-07,33.64759826660156,33.95500183105469,34.040000915527344,33.25,33.32500076293945,4455990
2025-01-08,32.408912658691406,32.70500183105469,33.79499816894531,32.58000183105469,33.72999954223633,3304826
2025-01-09,31.98775863647461,32.279998779296875,32.595001220703125,32.19499969482422,32.244998931884766,2419930
2025-01-10,31.92334747314453,32.21500015258789,32.5099983215332,31.725000381469727,32.150001525878906,3111140
2025-01-13,32.16613006591797,32.459999084472656,32.48500061035156,31.19499969482422,31.834999084472656,3424739
2025-01-14,32.527828216552734,32.82500076293945,33.29999923706055,32.654998779296875,32.880001068115234,2842022
2025-01-15,33.10257339477539,33.404998779296875,34.08000183105469,32.744998931884766,32.7599983215332,4122889
2025-01-16,33.127349853515625,33.43000030517578,34.32500076293945,33.2599983215332,34.220001220703125,3319057
2025-01-17,33.6971435546875,34.005001068115234,34.29499816894531,33.39500045776367,33.404998779296875,4110855
2025-01-20,33.825965881347656,34.1349983215332,34.255001068115234,33.56999969482422,34.095001220703125,2655875
2025-01-21,33.825965881347656,34.1349983215332,34.1349983215332,34.1349983215332,34.1349983215332,0
2025-01-22,33.99442672729492,34.30500030517578,34.5099983215332,34.005001068115234,34.5,3289300
2025-01-23,33.87551498413086,34.185001373291016,34.375,33.86000061035156,34.1349983215332,2470649
2025-01-24,33.87551498413086,34.185001373291016,34.185001373291016,34.185001373291016,34.185001373291016,0
2025-01-27,33.07780075073242,33.380001068115234,33.505001068115234,32.29999923706055,32.994998931884766,4911696
2025-01-28,32.75574493408203,33.05500030517578,33.83000183105469,32.935001373291016,33.30500030517578,3099698
2025-01-29,32.215675354003906,32.5099983215332,34.165000915527344,32.38999938964844,33.834999084472656,3885907
2025-01-30,31.150409698486328,31.434999465942383,32.6150016784668,31.270000457763672,32.47999954223633,6830671
2025-01-31,31.76479721069336,32.05500030517578,32.154998779296875,31.350000381469727,31.5,4450578
2025-02-03,30.97203826904297,31.2549991607666,31.40999984741211,30.55500030517578,30.854999542236328,5121664
2025-02-04,34.18270492553711,34.494998931884766,35.16999816894531,33.95500183105469,34.400001525878906,0
2025-02-05,35.17860794067383,35.5,35.5,34.005001068115234,34.220001220703125,6159919
2025-02-06,36.97222137451172,37.310001373291016,37.630001068115234,36.665000915527344,37.279998779296875,8212981
2025-02-07,36.57088851928711,36.904998779296875,37.630001068115234,36.814998626708984,37.15999984741211,5628447
2025-02-10,36.57088851928711,36.904998779296875,36.904998779296875,36.904998779296875,36.904998779296875,0
2025-02-11,36.41233444213867,36.744998931884766,37.064998626708984,36.26499938964844,36.474998474121094,3246403
2025-02-12,36.71953201293945,37.05500030517578,37.17499923706055,36.27000045776367,36.95000076293945,3111509
2025-02-13,37.3140983581543,37.654998779296875,37.724998474121094,37.09000015258789,37.494998931884766,3911072
2025-02-14,37.21004867553711,37.54999923706055,38.0,37.2400016784668,37.310001373291016,3088527
2025-02-17,37.576698303222656,37.91999816894531,38.0,37.29499816894531,37.32500076293945,2528145
2025-02-18,37.47264862060547,37.814998626708984,38.14500045776367,37.439998626708984,37.97999954223633,3295304
2025-02-19,37.71543502807617,38.060001373291016,38.5099983215332,37.69499969482422,38.01499938964844,5128304
2025-02-20,38.310001373291016,38.65999984741211,39.43000030517578,38.14500045776367,38.375,5973207
2025-02-21,38.51499938964844,38.51499938964844,38.869998931884766,37.974998474121094,38.72999954223633,4604857
2025-02-24,38.02000045776367,38.02000045776367,38.845001220703125,37.619998931884766,38.75,2490574
2025-02-25,37.02000045776367,37.02000045776367,37.71500015258789,37.02000045776367,37.255001068115234,4020808
2025-02-26,36.935001373291016,36.935001373291016,37.375,36.720001220703125,37.11000061035156,0
2025-02-27,36.1150016784668,36.1150016784668,36.78499984741211,35.880001068115234,36.630001068115234,4766848
2025-02-28,35.5099983215332,35.5099983215332,35.564998626708984,35.040000915527344,35.150001525878906,6764826
2025-03-03,35.92499923706055,35.92499923706055,36.29499816894531,34.93000030517578,35.474998474121094,4894664
2025-03-04,34.06999969482422,34.06999969482422,35.474998474121094,33.849998474121094,35.209999084472656,6123706
2025-03-05,35.69499969482422,35.69499969482422,36.380001068115234,35.16999816894531,35.54999923706055,0
2025-03-06,36.834999084472656,36.834999084472656,37.099998474121094,36.06999969482422,36.189998626708984,6722448
2025-03-07,36.025001525878906,36.025001525878906,36.54999923706055,35.834999084472656,36.5,3580873
2025-03-10,34.35499954223633,34.35499954223633,36.720001220703125,34.005001068115234,36.44499969482422,7220522
2025-03-11,34.5,34.5,35.33000183105469,34.189998626708984,34.650001525878906,4617183
2025-03-12,35.040000915527344,35.040000915527344,35.21500015258789,34.5,34.814998626708984,3790618
2025-03-13,34.11000061035156,34.11000061035156,34.810001373291016,33.77000045776367,34.790000915527344,4671539
2025-03-14,34.7599983215332,34.7599983215332,34.97999954223633,33.6150016784668,34.04999923706055,4090961
2025-03-17,34.7599983215332,34.7599983215332,34.7599983215332,34.7599983215332,34.7599983215332,0
2025-03-18,35.35499954223633,35.35499954223633,35.595001220703125,34.439998626708984,34.69499969482422,4255109
2025-03-19,35.18000030517578,35.18000030517578,35.599998474121094,34.915000915527344,35.1150016784668,3143518
2025-03-20,34.209999084472656,34.209999084472656,35.22999954223633,34.03499984741211,35.095001220703125,4539306
2025-03-21,33.25,33.25,33.994998931884766,32.63999938964844,33.900001525878906,9525250
2025-03-24,33.25,33.25,33.25,33.25,33.25,0
2025-03-25,34.625,34.625,34.970001220703125,34.10499954223633,34.439998626708984,2925056
2025-03-26,33.43000030517578,33.43000030517578,34.8650016784668,33.345001220703125,34.69499969482422,2483737
2025-03-27,32.439998626708984,32.439998626708984,33.0099983215332,32.349998474121094,32.86000061035156,4069218
2025-03-28,31.1299991607666,31.1299991607666,32.23500061035156,31.06999969482422,32.0099983215332,5242051
2025-03-31,30.395000457763672,30.395000457763672,30.7549991607666,29.75,30.725000381469727,5161268
2025-04-01,30.959999084472656,30.959999084472656,31.229999542236328,30.334999084472656,30.969999313354492,5128037
2025-04-02,30.600000381469727,30.600000381469727,30.815000534057617,30.100000381469727,30.739999771118164,5071120
2025-04-03,28.165000915527344,28.165000915527344,29.969999313354492,28.014999389648438,29.5,7327164
2025-04-04,26.170000076293945,26.170000076293945,27.75,25.1299991607666,27.75,12236152
2025-04-07,25.110000610351562,25.110000610351562,27.204999923706055,23.170000076293945,23.604999542236328,17473338
2025-04-08,25.299999237060547,25.299999237060547,26.229999542236328,24.334999084472656,25.604999542236328,10791558
2025-04-09,24.344999313354492,24.344999313354492,24.93000030517578,23.655000686645508,24.479999542236328,9662641
2025-04-10,25.780000686645508,25.780000686645508,29.899999618530273,25.780000686645508,29.899999618530273,11549391
2025-04-11,25.7549991607666,25.7549991607666,26.510000228881836,25.280000686645508,26.03499984741211,0
2025-04-14,26.6200008392334,26.6200008392334,26.90999984741211,26.309999465942383,26.760000228881836,5900412
2025-04-15,27.059999465942383,27.059999465942383,27.489999771118164,26.75,26.75,4268040
2025-04-16,26.799999237060547,26.799999237060547,26.90999984741211,26.174999237060547,26.520000457763672,4124054
2025-04-17,26.6200008392334,26.6200008392334,27.15999984741211,26.5,26.850000381469727,3040898
2025-04-22,26.665000915527344,26.665000915527344,26.69499969482422,25.969999313354492,26.450000762939453,3931691
2025-04-23,27.6200008392334,27.6200008392334,28.43000030517578,27.139999389648438,27.25,6051383
2025-04-24,29.575000762939453,29.575000762939453,29.65999984741211,27.764999389648438,28.110000610351562,7509041
2025-04-25,30.1299991607666,30.1299991607666,30.299999237060547,29.649999618530273,29.895000457763672,4704718
2025-04-28,29.885000228881836,29.885000228881836,30.510000228881836,29.864999771118164,30.200000762939453,3913492
2025-04-29,29.309999465942383,29.309999465942383,30.219999313354492,29.06999969482422,29.799999237060547,4434306
2025-04-30,28.889999389648438,28.889999389648438,29.625,28.225000381469727,29.28499984741211,5526907
2025-05-02,30.024999618530273,30.024999618530273,30.149999618530273,29.06999969482422,29.170000076293945,5087263
2025-05-05,30.135000228881836,30.135000228881836,30.649999618530273,29.84000015258789,29.895000457763672,3890512
2025-05-06,29.395000457763672,29.395000457763672,30.110000610351562,29.065000534057617,30.06999969482422,4617668
2025-05-07,30.25,30.25,30.30500030517578,29.2549991607666,29.329999923706055,5466320
2025-05-08,30.989999771118164,30.989999771118164,31.5,30.21500015258789,30.78499984741211,7319375
2025-05-09,31.454999923706055,31.454999923706055,31.850000381469727,31.1299991607666,31.3799991607666,4423055
2025-05-12,34.029998779296875,34.029998779296875,34.279998779296875,32.20000076293945,32.20000076293945,8753077
2025-05-13,34.65999984741211,34.65999984741211,34.65999984741211,33.875,34.31999969482422,5080818
2025-05-14,34.65999984741211,34.65999984741211,34.65999984741211,34.65999984741211,34.65999984741211,0
2025-05-15,33.82500076293945,33.82500076293945,34.5,33.625,34.28499984741211,4625122
2025-05-16,33.39500045776367,33.39500045776367,34.14500045776367,33.35499954223633,33.60499954223633,3498904
2025-05-19,33.4900016784668,33.4900016784668,33.595001220703125,32.7400016784668,33.0,2147318
2025-05-20,33.88999938964844,33.88999938964844,34.6150016784668,33.470001220703125,33.56999969482422,5162294
2025-05-21,34.654998779296875,34.654998779296875,34.7599983215332,33.79499816894531,33.849998474121094,4824906
2025-05-22,34.70500183105469,34.70500183105469,35.01499938964844,34.01499938964844,34.119998931884766,5175990
2025-05-23,33.38999938964844,33.38999938964844,35.209999084472656,32.994998931884766,34.70500183105469,6271675
2025-05-26,34.04999923706055,34.04999923706055,34.51499938964844,33.67499923706055,34.3849983215332,2778059
2025-05-27,34.69499969482422,34.69499969482422,35.14500045776367,34.119998931884766,34.125,3753761
2025-05-28,34.439998626708984,34.439998626708984,34.900001525878906,34.36000061035156,34.45500183105469,3934999
2025-05-29,34.69499969482422,34.69499969482422,35.8650016784668,34.505001068115234,35.439998626708984,3629170
2025-05-30,34.275001525878906,34.275001525878906,35.10499954223633,34.275001525878906,34.369998931884766,8381873
2025-06-02,33.83000183105469,33.83000183105469,33.994998931884766,33.154998779296875,33.64500045776367,3452411
2025-06-03,34.36000061035156,34.36000061035156,34.46500015258789,33.540000915527344,33.880001068115234,2947102
2025-06-04,35.80500030517578,35.80500030517578,36.185001373291016,35.08000183105469,35.20000076293945,5968854
2025-06-05,35.724998474121094,35.724998474121094,36.18000030517578,35.564998626708984,35.9900016784668,3839070
2025-06-06,35.900001525878906,35.900001525878906,36.11000061035156,35.08000183105469,35.474998474121094,3039967
2025-06-09,35.900001525878906,35.900001525878906,35.900001525878906,35.900001525878906,35.900001525878906,0
2025-06-10,36.98500061035156,36.98500061035156,36.98500061035156,36.0,36.224998474121094,4503232
2025-06-11,36.435001373291016,36.435001373291016,37.19499969482422,36.39500045776367,36.994998931884766,4146251
2025-06-12,35.564998626708984,35.564998626708984,36.19499969482422,35.564998626708984,35.86000061035156,4413718
2025-06-13,35.41999816894531,35.41999816894531,35.41999816894531,34.43000030517578,34.619998931884766,4059800
2025-06-16,35.525001525878906,35.525001525878906,35.75,35.09000015258789,35.5,2684888
2025-06-17,34.935001373291016,34.935001373291016,35.380001068115234,34.619998931884766,35.33000183105469,3260187
2025-06-18,34.20000076293945,34.20000076293945,34.849998474121094,33.724998474121094,34.849998474121094,5445660
2025-06-19,34.04999923706055,34.04999923706055,34.165000915527344,33.6150016784668,33.83000183105469,2741065
2025-06-20,34.220001220703125,34.220001220703125,34.845001220703125,33.790000915527344,34.3849983215332,8254265
2025-06-23,34.599998474121094,34.599998474121094,34.81999969482422,33.90999984741211,34.150001525878906,2858610
2025-06-24,35.595001220703125,35.595001220703125,36.20000076293945,35.185001373291016,35.94499969482422,3978814
2025-06-25,34.95000076293945,34.95000076293945,35.94499969482422,34.52000045776367,35.935001373291016,2698870
2025-06-26,35.44499969482422,35.44499969482422,35.915000915527344,35.095001220703125,35.400001525878906,4034081
2025-06-27,35.65999984741211,35.65999984741211,35.994998931884766,35.40999984741211,35.84000015258789,2843179
2025-06-30,36.1150016784668,36.1150016784668,36.880001068115234,35.915000915527344,36.5,4143328
2025-07-01,35.48500061035156,35.48500061035156,36.099998474121094,35.25,35.834999084472656,3292077
2025-07-02,36.20500183105469,36.20500183105469,36.60499954223633,35.68000030517578,35.79999923706055,3733734
2025-07-03,36.915000915527344,36.915000915527344,37.290000915527344,36.584999084472656,36.93000030517578,3777915
2025-07-04,36.79999923706055,36.79999923706055,37.01499938964844,36.5099983215332,36.599998474121094,2427033
2025-07-07,37.10499954223633,37.10499954223633,37.2599983215332,36.654998779296875,36.689998626708984,2345361
2025-07-08,37.81999969482422,37.81999969482422,37.95500183105469,37.09000015258789,37.28499984741211,3090527
2025-07-09,37.90999984741211,37.90999984741211,38.2400016784668,37.41999816894531,37.68000030517578,4470229
2025-07-10,38.255001068115234,38.255001068115234,38.310001373291016,37.89500045776367,38.150001525878906,2923001
2025-07-11,37.97999954223633,37.97999954223633,38.150001525878906,37.64500045776367,38.0,2261901
2025-07-14,37.35499954223633,37.35499954223633,37.67499923706055,37.095001220703125,37.349998474121094,2127847
2025-07-15,37.65999984741211,37.65999984741211,37.970001220703125,37.54499816894531,37.6150016784668,2588369
2025-07-16,37.65999984741211,37.65999984741211,37.65999984741211,37.65999984741211,37.65999984741211,0
2025-07-17,38.150001525878906,38.150001525878906,38.23500061035156,37.685001373291016,38.04499816894531,3638219
2025-07-18,38.1150016784668,38.1150016784668,38.70000076293945,37.8849983215332,38.2599983215332,3339765
2025-07-21,38.1150016784668,38.1150016784668,38.1150016784668,38.1150016784668,38.1150016784668,0
2025-07-22,37.154998779296875,37.154998779296875,37.86000061035156,36.849998474121094,37.79999923706055,4710964
2025-07-23,35.845001220703125,35.845001220703125,37.1150016784668,35.79999923706055,37.1150016784668,8100513
2025-07-24,34.32500076293945,34.32500076293945,35.619998931884766,33.779998779296875,35.0,9981991
2025-07-25,34.5,34.5,34.5,33.88999938964844,34.09000015258789,4361222
2025-07-28,34.994998931884766,34.994998931884766,35.48500061035156,34.86000061035156,35.375,3432595
2025-07-29,35.47999954223633,35.47999954223633,35.935001373291016,35.22999954223633,35.2400016784668,3846754
2025-07-30,35.880001068115234,35.880001068115234,36.05500030517578,35.5,35.5,1776804
2025-07-31,34.6349983215332,34.6349983215332,36.20000076293945,34.599998474121094,36.060001373291016,4515277
2025-08-01,33.79999923706055,33.79999923706055,34.55500030517578,33.38999938964844,34.189998626708984,4659871
2025-08-04,33.755001068115234,33.755001068115234,34.43000030517578,33.61000061035156,34.18000030517578,4130656
2025-08-05,35.29999923706055,35.29999923706055,35.875,34.654998779296875,35.20000076293945,6194935
2025-08-06,34.314998626708984,34.314998626708984,35.95000076293945,34.130001068115234,35.8849983215332,3115037
2025-08-07,34.494998931884766,34.494998931884766,34.82500076293945,33.560001373291016,34.13999938964844,3926802
2025-08-08,35.459999084472656,35.459999084472656,35.46500015258789,34.56999969482422,34.58000183105469,2581418
2025-08-11,35.28499984741211,35.28499984741211,35.625,35.095001220703125,35.540000915527344,1623996
2025-08-12,36.775001525878906,36.775001525878906,36.775001525878906,35.2599983215332,35.310001373291016,3564448
2025-08-13,36.6150016784668,36.6150016784668,37.02000045776367,36.61000061035156,36.900001525878906,2607941
2025-08-14,36.6150016784668,36.6150016784668,36.6150016784668,36.6150016784668,36.6150016784668,0
2025-08-15,36.654998779296875,36.654998779296875,37.095001220703125,36.654998779296875,36.869998931884766,2419016
2025-08-18,36.65999984741211,36.65999984741211,36.790000915527344,36.28499984741211,36.685001373291016,1459485
2025-08-19,37.0,37.0,37.275001525878906,36.7400016784668,36.7400016784668,2458306
2025-08-20,36.400001525878906,36.400001525878906,37.40999984741211,35.880001068115234,36.5099983215332,3648374
2025-08-21,36.150001525878906,36.150001525878906,36.69499969482422,36.09000015258789,36.56999969482422,1683126
2025-08-22,36.849998474121094,36.849998474121094,36.849998474121094,35.93000030517578,35.970001220703125,2499905
2025-08-25,36.654998779296875,36.654998779296875,36.900001525878906,36.54999923706055,36.744998931884766,1433963
2025-08-26,36.290000915527344,36.290000915527344,36.57500076293945,36.025001525878906,36.560001373291016,3793781
2025-08-27,35.900001525878906,35.900001525878906,36.689998626708984,35.834999084472656,36.45000076293945,2313175
2025-08-28,36.314998626708984,36.314998626708984,36.790000915527344,36.07500076293945,36.154998779296875,2607081
2025-08-29,34.959999084472656,34.959999084472656,36.16999816894531,34.904998779296875,36.099998474121094,2903660
2025-09-01,34.665000915527344,34.665000915527344,35.119998931884766,34.540000915527344,34.84000015258789,1811964
2025-09-02,33.1150016784668,33.1150016784668,34.47999954223633,32.88999938964844,34.36000061035156,4590785
2025-09-03,31.514999389648438,31.514999389648438,34.025001525878906,30.96500015258789,33.4900016784668,8264314
2025-09-04,31.274999618530273,31.274999618530273,31.989999771118164,30.81999969482422,31.469999313354492,7108625
2025-09-05,31.575000762939453,31.575000762939453,32.060001373291016,31.290000915527344,31.579999923706055,3485054
2025-09-08,32.07500076293945,32.07500076293945,32.400001525878906,31.80500030517578,31.895000457763672,2785847
2025-09-09,32.084999084472656,32.084999084472656,32.209999084472656,31.815000534057617,32.07500076293945,3078192
2025-09-10,31.829999923706055,31.829999923706055,32.78499984741211,31.829999923706055,32.334999084472656,3709054
2025-09-11,31.920000076293945,31.920000076293945,32.25,31.690000534057617,31.915000915527344,2803819
2025-09-12,31.7549991607666,31.7549991607666,32.28499984741211,31.510000228881836,32.04499816894531,2547770
2025-09-15,32.650001525878906,32.650001525878906,32.83000183105469,32.01499938964844,32.08000183105469,2817450
2025-09-16,32.224998474121094,32.224998474121094,32.974998474121094,32.15999984741211,32.95000076293945,3072874
2025-09-17,32.650001525878906,32.650001525878906,32.650001525878906,31.915000915527344,32.310001373291016,3167190
2025-09-18,33.685001373291016,33.685001373291016,34.11000061035156,33.1349983215332,33.20000076293945,4241861
2025-09-19,32.9900016784668,32.9900016784668,33.83000183105469,32.810001373291016,33.79499816894531,6876584
2025-09-22,32.9900016784668,32.9900016784668,32.9900016784668,32.9900016784668,32.9900016784668,0
2025-09-23,33.79999923706055,33.79999923706055,34.2400016784668,32.98500061035156,33.09000015258789,3668744
2025-09-24,33.505001068115234,33.505001068115234,33.67499923706055,33.04999923706055,33.58000183105469,2302019
2025-09-25,33.314998626708984,33.314998626708984,33.744998931884766,32.95500183105469,33.505001068115234,2035205
2025-09-26,32.665000915527344,32.665000915527344,33.064998626708984,32.26499938964844,32.92499923706055,3217472
2025-09-29,33.040000915527344,33.040000915527344,33.290000915527344,32.8849983215332,33.0,3011000
2025-09-30,33.040000915527344,33.040000915527344,33.040000915527344,33.040000915527344,33.040000915527344,0
2025-10-01,33.54999923706055,33.54999923706055,33.70000076293945,32.89500045776367,33.0099983215332,2562720
2025-10-02,34.23500061035156,34.23500061035156,34.869998931884766,33.8849983215332,33.8849983215332,3817279
2025-10-03,34.13999938964844,34.13999938964844,34.42499923706055,33.939998626708984,34.345001220703125,3330898
2025-10-06,34.08000183105469,34.08000183105469,34.22999954223633,33.45500183105469,34.1150016784668,3468387
2025-10-07,33.540000915527344,33.540000915527344,34.150001525878906,33.28499984741211,34.04999923706055,2571996
2025-10-08,33.060001373291016,33.060001373291016,33.279998779296875,32.665000915527344,33.064998626708984,4482121
2025-10-09,33.18000030517578,33.18000030517578,33.35499954223633,32.75,33.099998474121094,2347646
2025-10-10,32.02000045776367,32.02000045776367,33.32500076293945,31.989999771118164,33.244998931884766,3619299
2025-10-13,32.584999084472656,32.584999084472656,33.029998779296875,31.670000076293945,31.764999389648438,3810141
2025-10-14,32.125,32.125,32.32500076293945,31.725000381469727,32.150001525878906,2942812
2025-10-15,32.5099983215332,32.5099983215332,32.685001373291016,32.154998779296875,32.20000076293945,3768008
2025-10-16,33.2599983215332,33.2599983215332,33.32500076293945,32.345001220703125,32.76499938964844,2927610
2025-10-17,32.459999084472656,32.459999084472656,32.72999954223633,32.130001068115234,32.59000015258789,7028752
2025-10-20,34.099998474121094,34.099998474121094,34.125,32.82500076293945,32.900001525878906,3446346
2025-10-21,35.2400016784668,35.2400016784668,35.244998931884766,34.0,34.09000015258789,5555119
2025-10-22,34.209999084472656,34.209999084472656,34.72999954223633,34.029998779296875,34.34000015258789,5422796
2025-10-23,33.41999816894531,33.41999816894531,34.400001525878906,33.224998474121094,33.79999923706055,5149537
2025-10-24,33.494998931884766,33.494998931884766,34.0099983215332,33.470001220703125,33.849998474121094,3334039
2025-10-27,34.290000915527344,34.290000915527344,34.375,33.73500061035156,33.915000915527344,3125590
2025-10-28,34.27000045776367,34.27000045776367,35.07500076293945,34.005001068115234,34.369998931884766,2645436
