date,adj_close,close,high,low,open,volume
,AVGO,AVGO,AVGO,AVGO,AVGO,AVGO
2023-06-05,77.40885925292969,80.2300033569336,80.91999816894531,79.447998046875,80.91999816894531,26222000
2023-06-06,76.22211456298828,79.0,80.19999694824219,77.63800048828125,80.19999694824219,37823000
2023-06-07,76.47586822509766,79.26300048828125,80.54499816894531,78.7509994506836,78.98200225830078,28957000
2023-06-08,77.59217834472656,80.41999816894531,80.5009994506836,78.87799835205078,79.49099731445312,21909000
2023-06-09,77.63269805908203,80.46199798583984,81.7750015258789,80.38800048828125,80.58000183105469,19241000
2023-06-12,82.52828216552734,85.53600311279297,85.80000305175781,81.11199951171875,81.11199951171875,51065000
2023-06-13,82.11920166015625,85.11199951171875,86.32599639892578,84.0999984741211,86.11299896240234,38990000
2023-06-14,85.50192260742188,88.61799621582031,88.85399627685547,84.72200012207031,85.58999633789062,43524000
2023-06-15,85.23658752441406,88.34300231933594,88.7969970703125,87.10199737548828,88.44100189208984,33814000
2023-06-16,83.7584457397461,86.81099700927734,88.99500274658203,86.54499816894531,88.9280014038086,68299000
2023-06-20,83.750732421875,86.8030014038086,87.70700073242188,86.10099792480469,86.26599884033203,27535000
2023-06-21,82.22107696533203,84.76599884033203,86.5999984741211,84.45999908447266,86.0,23229000
2023-06-22,81.71377563476562,84.24299621582031,84.89099884033203,83.53099822998047,84.50900268554688,23464000
2023-06-23,79.74665832519531,82.21499633789062,83.60199737548828,81.88500213623047,83.4010009765625,37413000
2023-06-26,79.69622039794922,82.16300201416016,83.69999694824219,82.02200317382812,82.5,21372000
2023-06-27,82.29285430908203,84.83999633789062,85.0,82.0999984741211,82.86799621582031,24923000
2023-06-28,82.24823760986328,84.79399871826172,85.85299682617188,83.70600128173828,83.87300109863281,19445000
2023-06-29,83.66731262207031,86.25700378417969,86.28399658203125,84.64099884033203,85.44499969482422,23386000
2023-06-30,84.13871765136719,86.74299621582031,87.45700073242188,86.43299865722656,86.85199737548828,23145000
2023-07-03,85.01268005371094,87.64399719238281,87.6729965209961,86.49199676513672,86.86199951171875,9038000
2023-07-05,83.59843444824219,86.18599700927734,87.69000244140625,86.17500305175781,86.73999786376953,14440000
2023-07-06,82.25405883789062,84.80000305175781,85.38999938964844,84.43299865722656,84.5,23939000
2023-07-07,82.13279724121094,84.67500305175781,85.79900360107422,84.46600341796875,85.04299926757812,19409000
2023-07-10,85.13780212402344,87.77300262451172,87.91699981689453,84.8280029296875,84.8280029296875,30622000
2023-07-11,85.55683135986328,88.20500183105469,88.30000305175781,86.46299743652344,88.11100006103516,25498000
2023-07-12,86.32311248779297,88.99500274658203,89.75900268554688,88.19999694824219,88.9000015258789,28197000
2023-07-13,86.36287689208984,89.03600311279297,89.89399719238281,87.8270034790039,89.89399719238281,25912000
2023-07-14,86.19022369384766,88.85800170898438,90.33499908447266,88.61599731445312,88.61599731445312,18510000
2023-07-17,88.30187225341797,91.03500366210938,91.32099914550781,88.97799682617188,89.10099792480469,26819000
2023-07-18,87.6306381225586,90.34300231933594,90.98999786376953,89.82599639892578,90.5979995727539,24513000
2023-07-19,87.43082427978516,90.13700103759766,90.59700012207031,88.56300354003906,89.72699737548828,24118000
2023-07-20,86.16693115234375,88.83399963378906,90.69999694824219,88.5999984741211,89.25399780273438,28268000
2023-07-21,86.9826889038086,89.67500305175781,91.11499786376953,89.38300323486328,90.4489974975586,74287000
2023-07-24,87.45216369628906,90.15899658203125,90.54399871826172,89.4229965209961,90.08000183105469,19992000
2023-07-25,89.04291534423828,91.79900360107422,92.31800079345703,90.06199645996094,90.06199645996094,20042000
2023-07-26,86.627685546875,89.30899810791016,91.06199645996094,88.76499938964844,90.9000015258789,19877000
2023-07-27,86.67034912109375,89.35299682617188,90.98500061035156,88.5999984741211,90.8499984741211,21922000
2023-07-28,87.27755737304688,89.97899627685547,90.35600280761719,89.3949966430664,89.93199920654297,18791000
2023-07-31,87.16698455810547,89.86499786376953,90.0999984741211,89.0999984741211,89.75,14952000
2023-08-01,89.23788452148438,92.0,92.06199645996094,89.7699966430664,89.89800262451172,19683000
2023-08-02,86.55106353759766,89.2300033569336,91.30000305175781,89.02899932861328,91.2300033569336,26877000
2023-08-03,85.8410415649414,88.49800109863281,89.53299713134766,88.10800170898438,88.66200256347656,18281000
2023-08-04,85.51802825927734,88.16500091552734,89.36199951171875,87.33699798583984,88.49800109863281,21156000
2023-08-07,87.01276397705078,89.70600128173828,89.73699951171875,88.5270004272461,88.76799774169922,11146000
2023-08-08,85.66450500488281,88.31600189208984,89.05999755859375,87.33999633789062,89.00900268554688,14081000
2023-08-09,82.51885986328125,85.072998046875,88.35299682617188,84.87200164794922,88.27200317382812,24672000
2023-08-10,81.75936889648438,84.29000091552734,86.1500015258789,83.70700073242188,85.31199645996094,20186000
2023-08-11,80.48481750488281,82.97599792480469,83.63999938964844,82.3479995727539,83.4010009765625,20331000
2023-08-14,82.84573364257812,85.41000366210938,85.41799926757812,82.73799896240234,83.11299896240234,17688000
2023-08-15,81.7225112915039,84.25199890136719,85.46199798583984,83.64600372314453,84.9209976196289,14035000
2023-08-16,80.79812622070312,83.29900360107422,85.44999694824219,83.19599914550781,84.77899932861328,16003000
2023-08-17,80.22679901123047,82.70999908447266,83.94200134277344,82.70099639892578,83.6510009765625,19228000
2023-08-18,80.10458374023438,82.58399963378906,82.81700134277344,81.19999694824219,82.0,17759000
2023-08-21,83.91658782958984,86.51399993896484,86.73400115966797,83.177001953125,83.40599822998047,30012000
2023-08-22,83.00967407226562,85.5790023803711,87.4749984741211,85.08799743652344,87.34100341796875,17079000
2023-08-23,85.02625274658203,87.65799713134766,87.81900024414062,85.0,85.0770034790039,19692000
2023-08-24,82.88065338134766,85.44599914550781,90.98600006103516,85.24600219726562,90.23500061035156,30934000
2023-08-25,82.62458801269531,85.18199920654297,86.94400024414062,83.76699829101562,85.7020034790039,24181000
2023-08-28,83.52278900146484,86.10800170898438,86.41300201416016,84.71099853515625,85.63899993896484,14306000
2023-08-29,86.3211669921875,88.99299621582031,89.28399658203125,85.64199829101562,85.83999633789062,27822000
2023-08-30,86.54910278320312,89.22799682617188,89.87100219726562,87.91100311279297,89.23899841308594,23234000
2023-08-31,89.51821899414062,92.28900146484375,92.36699676513672,89.37699890136719,89.8010025024414,55203000
2023-09-01,84.63243103027344,87.25199890136719,90.18699645996094,86.46600341796875,90.18699645996094,65017000
2023-09-05,84.59849548339844,87.21700286865234,88.30000305175781,86.69999694824219,86.95099639892578,24808000
2023-09-06,84.60818481445312,87.22699737548828,87.73699951171875,86.67400360107422,87.25,20142000
2023-09-07,83.12995147705078,85.7030029296875,86.16899871826172,84.052001953125,85.94999694824219,27789000
2023-09-08,83.18035888671875,85.75499725341797,86.08300018310547,85.01200103759766,85.5,16810000
2023-09-11,83.33460998535156,85.91400146484375,86.9000015258789,84.56500244140625,86.87699890136719,15710000
2023-09-12,81.91650390625,84.4520034790039,85.8270034790039,84.16600036621094,85.02400207519531,16680000
2023-09-13,82.73226165771484,85.29299926757812,85.91100311279297,84.42400360107422,84.71900177001953,17413000
2023-09-14,84.54708099365234,87.16400146484375,87.66699981689453,85.5,85.90299987792969,19648000
2023-09-15,82.61100006103516,85.16799926757812,86.81600189208984,84.29000091552734,86.81600189208984,50190000
2023-09-18,82.44805145263672,85.0,85.63300323486328,84.0,84.25800323486328,16541000
2023-09-19,82.37045288085938,84.91999816894531,85.10299682617188,83.8499984741211,84.5989990234375,13126000
2023-09-20,81.00215911865234,83.05699920654297,84.9990005493164,83.03500366210938,84.9990005493164,13681000
2023-09-21,78.83609771728516,80.83599853515625,82.25,79.50900268554688,79.51100158691406,53654000
2023-09-22,80.8568344116211,82.90799713134766,83.05799865722656,81.03800201416016,81.1240005493164,27764000
2023-09-25,81.3259506225586,83.38899993896484,83.85600280761719,82.3010025024414,82.80000305175781,15648000
2023-09-26,79.59974670410156,81.61900329589844,83.0270004272461,81.12100219726562,82.91699981689453,17641000
2023-09-27,79.66019439697266,81.68099975585938,82.36799621582031,80.43800354003906,81.9260025024414,15352000
2023-09-28,81.14160919189453,83.19999694824219,83.88600158691406,81.46800231933594,82.01699829101562,16180000
2023-09-29,81.00314331054688,83.05799865722656,84.40399932861328,82.29100036621094,83.6449966430664,16481000
2023-10-02,81.42933654785156,83.49500274658203,83.85600280761719,82.3499984741211,82.90599822998047,14676000
2023-10-03,79.46710205078125,81.48300170898438,83.57499694824219,80.89099884033203,82.69999694824219,18761000
2023-10-04,80.34288787841797,82.38099670410156,83.05799865722656,81.62999725341797,82.03299713134766,16417000
2023-10-05,80.3477554321289,82.38600158691406,82.86299896240234,81.5479965209961,82.01100158691406,11474000
2023-10-06,82.43482971191406,84.5260009765625,84.83899688720703,81.1719970703125,81.94000244140625,21103000
2023-10-09,83.47054290771484,85.58799743652344,85.66100311279297,83.78299713134766,84.0459976196289,15760000
2023-10-10,83.71729278564453,85.84100341796875,87.25499725341797,85.5719985961914,85.71499633789062,14718000
2023-10-11,85.29234313964844,87.45600128173828,87.53399658203125,85.65499877929688,85.97100067138672,14334000
2023-10-12,88.31952667236328,90.55999755859375,91.79299926757812,87.64299774169922,87.64299774169922,43871000
2023-10-13,86.13301849365234,88.31800079345703,92.59100341796875,88.20899963378906,90.9000015258789,28312000
2023-10-16,88.02403259277344,90.25700378417969,91.5790023803711,89.09700012207031,89.09700012207031,21150000
2023-10-17,86.25199127197266,88.44000244140625,89.2979965209961,86.5999984741211,88.51499938964844,33008000
2023-10-18,86.50849151611328,88.7030029296875,89.56300354003906,87.5199966430664,87.99500274658203,20404000
2023-10-19,84.63597106933594,86.78299713134766,88.9489974975586,86.56700134277344,88.7020034790039,26620000
2023-10-20,83.25112915039062,85.36299896240234,87.48999786376953,85.18399810791016,87.48999786376953,26953000
2023-10-23,84.08885955810547,86.22200012207031,87.36000061035156,84.28199768066406,85.7959976196289,16456000
2023-10-24,85.9311294555664,88.11100006103516,88.30000305175781,86.31199645996094,86.4000015258789,14972000
2023-10-25,82.86100769042969,84.96299743652344,87.87300109863281,84.60800170898438,87.70700073242188,21432000
2023-10-26,80.6296157836914,82.67500305175781,85.44200134277344,81.83399963378906,84.79100036621094,27917000
2023-10-27,81.76187896728516,83.83599853515625,84.02100372314453,82.85399627685547,83.0,18236000
2023-10-30,82.04373931884766,84.125,84.94300079345703,82.71499633789062,84.11000061035156,20889000
2023-10-31,82.0554428100586,84.13700103759766,84.55000305175781,83.26000213623047,84.38899993896484,14747000
2023-11-01,83.18382263183594,85.29399871826172,85.38300323486328,83.55699920654297,84.19999694824219,18684000
2023-11-02,84.97439575195312,87.12999725341797,88.05000305175781,86.0,86.19999694824219,18759000
2023-11-03,86.08424377441406,88.26799774169922,88.75,87.10600280761719,87.75,18041000
2023-11-06,85.90381622314453,88.08300018310547,88.58899688720703,87.12100219726562,88.15599822998047,12870000
2023-11-07,87.56078338623047,89.78199768066406,90.177001953125,87.61599731445312,88.23200225830078,19365000
2023-11-08,88.8588638305664,91.11299896240234,91.29100036621094,89.9000015258789,90.0,15280000
2023-11-09,88.88323974609375,91.13800048828125,92.9800033569336,90.85600280761719,91.25,24486000
2023-11-10,93.3830795288086,95.75199890136719,95.8949966430664,91.82099914550781,92.17400360107422,36272000
2023-11-13,92.35028076171875,94.69300079345703,95.23999786376953,94.0479965209961,95.00499725341797,16893000
2023-11-14,94.88888549804688,97.2959976196289,97.677001953125,95.5250015258789,96.23400115966797,23886000
2023-11-15,95.1268539428711,97.54000091552734,98.17500305175781,96.69100189208984,97.95099639892578,16099000
2023-11-16,93.58106994628906,95.95500183105469,96.87000274658203,95.052001953125,96.4000015258789,26198000
2023-11-17,95.35409545898438,97.77300262451172,98.38899993896484,95.0999984741211,95.82099914550781,19789000
2023-11-20,97.10760498046875,99.57099914550781,99.98699951171875,97.30000305175781,97.30000305175781,18674000
2023-11-21,95.6925048828125,98.12000274658203,99.0999984741211,97.16300201416016,97.5,43344000
2023-11-22,94.7952651977539,97.19999694824219,98.79900360107422,97.0999984741211,98.36900329589844,33743000
2023-11-24,95.46526336669922,97.88700103759766,97.98600006103516,96.67500305175781,97.49600219726562,23158000
2023-11-27,92.67310333251953,95.02400207519531,98.10099792480469,94.93299865722656,97.61499786376953,96962000
2023-11-28,92.29371643066406,94.63500213623047,95.08599853515625,93.41600036621094,93.99400329589844,39025000
2023-11-29,91.75538635253906,94.08300018310547,95.94300079345703,93.93699645996094,94.83399963378906,34843000
2023-11-30,90.2827377319336,92.572998046875,94.24199676513672,91.83699798583984,94.0999984741211,49571000
2023-12-01,90.69917297363281,93.0,93.38999938964844,90.80000305175781,92.24600219726562,29612000
2023-12-04,90.11109924316406,92.39700317382812,93.09700012207031,91.64399719238281,92.06400299072266,25009000
2023-12-05,89.05293273925781,91.31199645996094,91.72699737548828,90.58499908447266,91.16000366210938,37066000
2023-12-06,88.12837982177734,90.36399841308594,92.09700012207031,90.30999755859375,92.03600311279297,24813000
2023-12-07,89.94432067871094,92.22599792480469,92.41200256347656,90.36399841308594,90.55400085449219,43517000
2023-12-08,92.09379577636719,94.43000030517578,95.072998046875,91.0530014038086,92.78399658203125,69668000
2023-12-11,100.3776626586914,102.92400360107422,103.95099639892578,95.60900115966797,95.70099639892578,101184000
2023-12-12,104.5751724243164,107.22799682617188,107.93900299072266,102.45800018310547,102.79900360107422,90242000
2023-12-13,106.27308654785156,108.96900177001953,109.97799682617188,106.25399780273438,106.80000305175781,71654000
2023-12-14,107.9115219116211,110.64900207519531,112.14600372314453,109.02799987792969,109.21800231933594,66964000
2023-12-15,110.17902374267578,112.9739990234375,114.98799896240234,109.46199798583984,109.52200317382812,118544000
2023-12-18,111.8623046875,114.69999694824219,115.18199920654297,111.86399841308594,112.08000183105469,54741000
2023-12-19,111.64970397949219,113.95800018310547,115.0459976196289,113.2509994506836,114.19999694824219,36020000
2023-12-20,108.78885650634766,111.03800201416016,114.13600158691406,110.9260025024414,113.2699966430664,34523000
2023-12-21,110.44559478759766,112.72899627685547,113.54199981689453,111.5,113.26499938964844,24106000
2023-12-22,109.92535400390625,112.197998046875,113.19999694824219,111.35299682617188,112.7979965209961,19089000
2023-12-26,110.89628601074219,113.18900299072266,113.55000305175781,112.302001953125,112.42400360107422,16793000
2023-12-27,110.33586883544922,112.61699676513672,113.95700073242188,112.2959976196289,113.5999984741211,20055000
2023-12-28,109.96748352050781,112.24099731445312,113.2239990234375,111.90499877929688,113.16899871826172,21247000
2023-12-29,109.36396026611328,111.625,112.43800354003906,111.46700286865234,112.14600372314453,20558000
2024-01-02,106.3395004272461,108.53800201416016,110.19999694824219,107.70899963378906,109.21199798583984,28831000
2024-01-03,103.71378326416016,105.85800170898438,107.5,105.53099822998047,107.0199966430664,34735000
2024-01-04,102.77615356445312,104.9010009765625,106.94999694824219,104.73699951171875,105.7959976196289,25658000
2024-01-05,102.8026123046875,104.9280014038086,105.5459976196289,104.1510009765625,105.16000366210938,22475000
2024-01-08,105.30781555175781,107.48500061035156,107.80000305175781,105.19999694824219,105.6500015258789,33110000
2024-01-09,106.05634307861328,108.2490005493164,108.8550033569336,106.47100067138672,106.56199645996094,23225000
2024-01-10,105.86824035644531,108.05699920654297,108.2959976196289,106.26000213623047,108.03500366210938,17643000
2024-01-11,107.7699203491211,109.99800109863281,110.12999725341797,107.45099639892578,108.43199920654297,25757000
2024-01-12,108.52432250976562,110.76799774169922,111.56900024414062,110.0009994506836,111.20999908447266,26882000
2024-01-16,109.23758697509766,111.49600219726562,112.6240005493164,109.86299896240234,111.23400115966797,26145000
2024-01-17,108.1314468383789,110.36699676513672,111.31099700927734,109.02100372314453,110.62899780273438,18314000
2024-01-18,112.07394409179688,114.39099884033203,114.65499877929688,112.18800354003906,112.48999786376953,32228000
2024-01-19,118.66664123535156,121.12000274658203,121.69999694824219,115.5999984741211,115.73100280761719,53077000
2024-01-22,119.57780456542969,122.05000305175781,123.13300323486328,120.8219985961914,121.625,31222000
2024-01-23,120.14701843261719,122.63099670410156,122.697998046875,120.35199737548828,122.0999984741211,16952000
2024-01-24,122.84720611572266,125.38700103759766,128.4550018310547,123.10099792480469,124.2300033569336,34805000
2024-01-25,120.50856018066406,123.0,128.10000610351562,122.87999725341797,128.10000610351562,36356000
2024-01-26,118.04743194580078,120.48799896240234,122.12100219726562,120.02300262451172,121.97000122070312,25818000
2024-01-29,119.31033325195312,121.7770004272461,122.36699676513672,120.4990005493164,121.49099731445312,21526000
2024-01-30,118.3687973022461,120.81600189208984,122.80000305175781,120.42900085449219,121.677001953125,20683000
2024-01-31,115.6098403930664,118.0,119.72200012207031,117.43099975585938,118.94499969482422,27400000
2024-02-01,117.5703125,120.0009994506836,120.30899810791016,117.91100311279297,118.73500061035156,19411000
2024-02-02,119.95401763916016,122.43399810791016,123.46900177001953,120.51499938964844,120.875,26689000
2024-02-05,121.7920150756836,124.30999755859375,124.7750015258789,122.21499633789062,122.69599914550781,22045000
2024-02-06,119.78844451904297,122.26499938964844,127.21099853515625,121.19400024414062,126.35700225830078,25354000
2024-02-07,123.15974426269531,125.70600128173828,125.95099639892578,122.66999816894531,123.4000015258789,25768000
2024-02-08,124.8938980102539,127.47599792480469,129.5970001220703,126.5009994506836,126.69999694824219,29326000
2024-02-09,125.74430084228516,128.343994140625,128.5749969482422,124.89900207519531,125.2030029296875,26293000
2024-02-12,123.93766784667969,126.5,129.0070037841797,125.9000015258789,129.00100708007812,24778000
2024-02-13,122.62970733642578,125.16500091552734,125.58699798583984,122.70899963378906,123.51200103759766,31907000
2024-02-14,123.6653060913086,126.22200012207031,127.30000305175781,124.13200378417969,126.92400360107422,27306000
2024-02-15,123.94451904296875,126.50700378417969,128.0,124.48500061035156,127.99500274658203,21873000
2024-02-16,122.02519226074219,124.5479965209961,127.56800079345703,124.23899841308594,125.90399932861328,21268000
2024-02-20,120.1705322265625,122.65499877929688,123.77200317382812,121.25599670410156,123.58599853515625,26329000
2024-02-21,120.25872802734375,122.74500274658203,122.80500030517578,120.26399993896484,121.80000305175781,20579000
2024-02-22,127.84683990478516,130.49000549316406,131.09800720214844,127.64700317382812,128.17100524902344,40819000
2024-02-23,127.01110076904297,129.63699340820312,131.96200561523438,128.8820037841797,130.83700561523438,23115000
2024-02-26,128.2612762451172,130.91299438476562,131.87899780273438,130.14599609375,131.0,16282000
2024-02-27,126.99742126464844,129.6230010986328,131.19400024414062,129.2220001220703,130.91299438476562,12126000
2024-02-28,126.3302001953125,128.94200134277344,129.8520050048828,128.2969970703125,129.3000030517578,10967000
2024-02-29,127.41475677490234,130.0489959716797,130.83999633789062,128.72799682617188,130.33099365234375,27536000
2024-03-01,137.08291625976562,139.91700744628906,140.7760009765625,132.0,132.59300231933594,44488000
2024-03-04,137.3856201171875,140.2259979248047,143.81700134277344,138.5189971923828,140.31500244140625,34854000
2024-03-05,131.55516052246094,134.27499389648438,139.5,133.23699951171875,139.5,36040000
2024-03-06,132.26548767089844,135.0,139.48300170898438,134.70599365234375,139.1580047607422,43196000
2024-03-07,137.85101318359375,140.7010040283203,141.43099975585938,137.28900146484375,138.19900512695312,62832000
2024-03-08,128.22109985351562,130.8719940185547,141.3000030517578,130.1580047607422,139.4250030517578,74025000
2024-03-11,126.69270324707031,129.31199645996094,129.90199279785156,125.25599670410156,127.79299926757812,31105000
2024-03-12,126.57122039794922,129.18800354003906,130.7790069580078,125.9280014038086,130.6999969482422,42789000
2024-03-13,123.2391128540039,125.78700256347656,128.28799438476562,125.23600006103516,128.28799438476562,37838000
2024-03-14,123.67019653320312,126.22699737548828,127.31300354003906,124.77100372314453,126.25399780273438,38029000
2024-03-15,121.04740905761719,123.55000305175781,126.73699951171875,123.00700378417969,125.34600067138672,88823000
2024-03-18,121.21788787841797,123.7239990234375,126.28800201416016,123.16999816894531,125.39800262451172,25737000
2024-03-19,121.2933349609375,123.8010025024414,124.0270004272461,120.4020004272461,121.69499969482422,24491000
2024-03-20,125.54778289794922,127.5999984741211,128.7989959716797,122.65899658203125,123.9020004272461,40946000
2024-03-21,132.63197326660156,134.8000030517578,140.36099243164062,131.60000610351562,132.83200073242188,72468000
2024-03-22,133.17019653320312,135.3470001220703,137.6219940185547,134.61500549316406,135.0,38624000
2024-03-25,132.98423767089844,135.1580047607422,135.843994140625,133.7469940185547,134.5030059814453,21237000
2024-03-26,131.00753784179688,133.1490020751953,137.99400329589844,133.05099487304688,136.468994140625,23522000
2024-03-27,129.7520751953125,131.8730010986328,135.0,129.6020050048828,135.0,25583000
2024-03-28,130.40931701660156,132.54100036621094,133.00900268554688,131.1529998779297,131.7899932861328,19856000
2024-04-01,132.85435485839844,135.0260009765625,136.29800415039062,132.54100036621094,132.5679931640625,17252000
2024-04-02,131.72283935546875,133.87600708007812,134.23699951171875,130.34100341796875,131.57899475097656,24694000
2024-04-03,134.12852478027344,136.3209991455078,137.6820068359375,132.52699279785156,132.8000030517578,28650000
2024-04-04,129.6310272216797,131.75,140.3979949951172,131.5,138.53199768066406,27014000
2024-04-05,131.78875732421875,133.9429931640625,136.1230010986328,131.4199981689453,132.60000610351562,19438000
2024-04-08,131.4611358642578,133.61000061035156,134.25,131.5749969482422,133.36500549316406,17139000
2024-04-09,131.2623748779297,133.4080047607422,135.947998046875,130.86399841308594,135.73699951171875,17986000
2024-04-10,130.11021423339844,132.23699951171875,133.5749969482422,131.54800415039062,132.3000030517578,17467000
2024-04-11,136.02256774902344,138.24600219726562,139.18699645996094,132.36500549316406,133.26800537109375,31713000
2024-04-12,132.2453155517578,134.40699768066406,136.6510009765625,133.66200256347656,135.2010040283203,27823000
2024-04-15,128.9610137939453,131.06900024414062,137.0,130.60000610351562,137.0,24370000
2024-04-16,130.76846313476562,132.906005859375,133.6320037841797,131.10000610351562,131.53799438476562,18923000
2024-04-17,126.20012664794922,128.26300048828125,134.6999969482422,128.14199829101562,134.31100463867188,24718000
2024-04-18,123.8741455078125,125.89900207519531,129.26499938964844,125.5459976196289,128.8000030517578,24888000
2024-04-19,118.533447265625,120.47100067138672,126.0,119.75599670410156,125.89900207519531,44797000
2024-04-22,120.47667694091797,122.44599914550781,123.31999969482422,120.05400085449219,122.44999694824219,25162000
2024-04-23,122.90990447998047,124.91899871826172,125.79000091552734,122.802001953125,122.81700134277344,22025000
2024-04-24,123.66063690185547,125.68199920654297,128.56199645996094,124.49600219726562,126.38999938964844,20108000
2024-04-25,127.36016082763672,129.44200134277344,130.80299377441406,125.69999694824219,127.24500274658203,30410000
2024-04-26,132.2453155517578,134.40699768066406,135.58299255371094,130.31300354003906,131.0,24100000
2024-04-29,131.7090606689453,133.86199951171875,135.29800415039062,132.57000732421875,134.4080047607422,13372000
2024-04-30,127.9357681274414,130.02699279785156,134.8350067138672,129.90499877929688,132.88800048828125,22113000
2024-05-01,122.28710174560547,124.28600311279297,129.23699951171875,124.13500213623047,127.83300018310547,30958000
2024-05-02,121.864990234375,123.85700225830078,126.44499969482422,122.33100128173828,125.62799835205078,29480000
2024-05-03,125.7553939819336,127.81099700927734,128.38800048828125,124.71399688720703,125.9000015258789,24898000
2024-05-06,128.92361450195312,131.031005859375,131.07699584960938,127.50700378417969,128.6219940185547,16287000
2024-05-07,128.21517944335938,130.31100463867188,131.8990020751953,129.67599487304688,131.6439971923828,12413000
2024-05-08,130.40538024902344,132.53700256347656,133.79100036621094,128.8489990234375,129.35000610351562,13918000
2024-05-09,128.46705627441406,130.56700134277344,132.16099548339844,130.1999969482422,131.7830047607422,12170000
2024-05-10,131.1364288330078,133.27999877929688,134.39999389648438,131.531005859375,131.531005859375,16300000
2024-05-13,131.59986877441406,133.75100708007812,135.83900451660156,133.01100158691406,134.8000030517578,18507000
2024-05-14,135.78346252441406,138.0030059814453,138.19900512695312,132.5800018310547,133.23399353027344,19420000
2024-05-15,141.30718994140625,143.61700439453125,143.89500427246094,136.9980010986328,138.0,32757000
2024-05-16,138.94183349609375,141.21299743652344,144.5399932861328,140.50599670410156,142.60000610351562,28395000
2024-05-17,137.28494262695312,139.5290069580078,141.9530029296875,138.17799377441406,141.24200439453125,18174000
2024-05-20,139.1287841796875,141.4029998779297,141.69400024414062,139.3159942626953,139.60000610351562,27170000
2024-05-21,137.66964721679688,139.9199981689453,140.93899536132812,139.3459930419922,139.8679962158203,15333000
2024-05-22,136.98484802246094,139.2239990234375,140.5,138.4219970703125,139.6009979248047,21002000
2024-05-23,137.08815002441406,139.32899475097656,142.89999389648438,137.8000030517578,142.84300231933594,31039000
2024-05-24,138.5197296142578,140.78399658203125,141.35800170898438,139.20199584960938,139.97900390625,16730000
2024-05-28,138.9733123779297,141.2449951171875,141.71800231933594,139.25399780273438,141.0,22919000
2024-05-29,136.8303680419922,139.06700134277344,139.91000366210938,138.3000030517578,139.91000366210938,26861000
2024-05-30,134.21414184570312,136.4080047607422,138.2779998779297,135.56399536132812,137.89999389648438,21717000
2024-05-31,130.71827697753906,132.85499572753906,136.2550048828125,130.7259979248047,136.13600158691406,73091000
2024-06-03,130.06398010253906,132.19000244140625,135.3000030517578,130.2530059814453,135.27000427246094,26278000
2024-06-04,130.94163513183594,133.08200073242188,133.19900512695312,130.7010040283203,132.0399932861328,23048000
2024-06-05,139.03631591796875,141.3090057373047,141.43499755859375,134.0540008544922,134.60000610351562,32947000
2024-06-06,137.87330627441406,140.1269989013672,142.2689971923828,138.82400512695312,142.18699645996094,20172000
2024-06-07,138.40167236328125,140.66400146484375,142.5,139.70199584960938,140.7779998779297,17859000
2024-06-10,141.7302703857422,144.0469970703125,144.90499877929688,140.91299438476562,140.97999572753906,31042000
2024-06-11,143.7532196044922,146.10299682617188,146.50100708007812,141.6230010986328,143.82000732421875,34844000
2024-06-12,147.145751953125,149.55099487304688,150.5800018310547,147.63999938964844,150.0,56697000
2024-06-13,165.19866943359375,167.8990020751953,173.5850067138672,165.2519989013672,171.0,89061000
2024-06-14,170.7135009765625,173.50399780273438,174.7239990234375,168.2100067138672,168.68600463867188,69705000
2024-06-17,179.9456024169922,182.88699340820312,184.3000030517578,177.85800170898438,180.0,87528000
2024-06-18,177.3529815673828,180.2519989013672,185.16200256347656,178.50100708007812,183.95899963378906,86797000
2024-06-20,170.66627502441406,173.45599365234375,180.47500610351562,172.2220001220703,180.3459930419922,68157000
2024-06-21,163.1953887939453,165.86300659179688,171.39999389648438,165.14199829101562,169.5659942626953,99289000
2024-06-24,157.15765380859375,159.2209930419922,166.10000610351562,159.0659942626953,164.2050018310547,58575000
2024-06-25,156.03045654296875,158.07899475097656,160.60400390625,156.39999389648438,160.01300048828125,53329000
2024-06-26,157.13693237304688,159.1999969482422,161.8179931640625,157.35899353027344,159.76199340820312,46479000
2024-06-27,156.60987854003906,158.66600036621094,160.56199645996094,157.10000610351562,159.1999969482422,31649000
2024-06-28,158.47239685058594,160.55299377441406,163.92300415039062,158.60000610351562,159.58799743652344,69377000
2024-07-01,161.9536895751953,164.0800018310547,164.875,159.35000610351562,160.82000732421875,47623000
2024-07-02,163.60008239746094,165.7480010986328,165.9199981689453,162.1999969482422,164.0800018310547,32539000
2024-07-03,170.6811065673828,172.9219970703125,172.9219970703125,166.4459991455078,167.0,39954000
2024-07-05,168.12368774414062,170.33099365234375,176.5469970703125,169.60000610351562,175.55599975585938,45240000
2024-07-08,172.3235626220703,174.58599853515625,175.69000244140625,170.5,170.5,36398000
2024-07-09,171.08480834960938,173.33099365234375,177.09800720214844,170.55599975585938,175.656005859375,37802000
2024-07-10,172.2080535888672,174.468994140625,176.6490020751953,172.63600158691406,174.60000610351562,41074000
2024-07-11,168.38429260253906,170.59500122070312,176.48699951171875,166.85000610351562,176.46600341796875,51026000
2024-07-12,167.86309814453125,170.06700134277344,172.59100341796875,169.13099670410156,171.10299682617188,30453000
2024-07-15,169.19857788085938,171.4199981689453,173.50999450683594,169.25999450683594,170.0,22999200
2024-07-16,167.1850128173828,169.3800048828125,172.80999755859375,166.39999389648438,172.39999389648438,22244900
2024-07-17,153.9586639404297,155.97999572753906,162.83999633789062,155.61000061035156,162.30999755859375,43343400
2024-07-18,158.4398193359375,160.52000427246094,161.50999450683594,153.89999389648438,158.88999938964844,37973500
2024-07-19,155.31092834472656,157.35000610351562,163.9499969482422,157.1199951171875,161.83999633789062,26309500
2024-07-22,158.97283935546875,161.05999755859375,162.99000549316406,157.89999389648438,160.22999572753906,28813300
2024-07-23,161.64772033691406,163.77000427246094,165.3300018310547,159.89999389648438,160.39999389648438,21570200
2024-07-24,149.37879943847656,151.33999633789062,161.41000366210938,151.10000610351562,160.35000610351562,37162600
2024-07-25,147.32574462890625,149.25999450683594,153.5500030517578,145.52000427246094,151.25999450683594,30872100
2024-07-26,149.66505432128906,151.6300048828125,153.5800018310547,149.9199981689453,153.5,20839900
2024-07-29,148.2733154296875,150.22000122070312,155.0,149.14999389648438,152.02000427246094,16625800
2024-07-30,141.66014099121094,143.52000427246094,153.47000122070312,143.35000610351562,153.27999877929688,31102300
2024-07-31,158.59776306152344,160.67999267578125,161.3300018310547,151.0,151.47000122070312,45827500
2024-08-01,145.11477661132812,147.02000427246094,158.91000366210938,146.1699981689453,157.5,40320000
2024-08-02,141.95626831054688,143.82000732421875,145.35000610351562,139.60000610351562,141.92999267578125,33745800
2024-08-05,140.23880004882812,142.0800018310547,145.4199981689453,128.5,129.61000061035156,41309300
2024-08-06,142.05494689941406,143.9199981689453,148.91000366210938,140.25,141.72999572753906,24751300
2024-08-07,134.50408935546875,136.27000427246094,150.10000610351562,135.8300018310547,148.25,29749800
2024-08-08,143.85137939453125,145.74000549316406,146.27000427246094,138.39999389648438,141.1999969482422,27583200
2024-08-09,146.3386993408203,148.25999450683594,149.5500030517578,144.11000061035156,144.1999969482422,18438700
2024-08-12,146.69403076171875,148.6199951171875,151.1300048828125,146.3699951171875,148.0800018310547,17778500
2024-08-13,154.13633728027344,156.16000366210938,156.3800048828125,149.80999755859375,151.5500030517578,22053600
2024-08-14,155.64651489257812,157.69000244140625,160.25,154.72000122070312,158.02000427246094,20184200
2024-08-15,163.9771270751953,166.1300048828125,166.6699981689453,160.33999633789062,161.1999969482422,27945000
2024-08-16,163.57244873046875,165.72000122070312,166.08999633789062,162.67999267578125,164.47000122070312,19296900
2024-08-19,165.5366668701172,167.7100067138672,167.8300018310547,160.4199981689453,164.86000061035156,20441700
2024-08-20,163.79945373535156,165.9499969482422,168.3699951171875,164.14999389648438,167.0500030517578,19417500
2024-08-21,163.6316680908203,165.77999877929688,166.47000122070312,162.8800048828125,165.1199951171875,16097700
2024-08-22,160.23623657226562,162.33999633789062,172.4199981689453,161.49000549316406,170.83999633789062,30044500
2024-08-23,164.2041473388672,166.36000061035156,168.27999877929688,163.4600067138672,165.02999877929688,18848000
2024-08-26,157.551513671875,159.6199951171875,165.6999969482422,158.66000366210938,164.9600067138672,18521200
2024-08-27,159.29856872558594,161.38999938964844,162.02999877929688,155.8300018310547,157.60000610351562,16683100
2024-08-28,156.13015747070312,158.17999267578125,162.27999877929688,156.25,160.0800018310547,18063600
2024-08-29,154.89634704589844,156.92999267578125,163.1999969482422,155.41000366210938,158.49000549316406,23519300
2024-08-30,160.7100372314453,162.82000732421875,163.24000549316406,158.7100067138672,161.1199951171875,25158500
2024-09-03,150.8100128173828,152.7899932861328,160.74000549316406,151.3800048828125,160.3800048828125,37179100
2024-09-04,152.12277221679688,154.1199951171875,157.7899932861328,149.14999389648438,150.3000030517578,20324100
2024-09-05,150.83961486816406,152.82000732421875,156.36000061035156,150.11000061035156,150.57000732421875,31548500
2024-09-06,135.22462463378906,137.0,143.5,136.60000610351562,143.25,76634600
2024-09-09,138.99513244628906,140.82000732421875,141.58999633789062,134.89999389648438,139.11000061035156,39516700
2024-09-10,146.2893829345703,148.2100067138672,149.86000061035156,141.0399932861328,141.22000122070312,36067500
2024-09-11,156.218994140625,158.27000427246094,158.8699951171875,145.0399932861328,148.38999938964844,39700800
2024-09-12,162.42747497558594,164.55999755859375,166.32000732421875,156.8300018310547,158.10000610351562,43530700
2024-09-13,165.51690673828125,167.69000244140625,168.0800018310547,164.0399932861328,166.74000549316406,29850000
2024-09-16,161.8944854736328,164.02000427246094,165.5,160.41000366210938,165.19000244140625,26126900
2024-09-17,160.3645477294922,162.47000122070312,166.02000427246094,160.6999969482422,165.49000549316406,19844300
2024-09-18,159.57493591308594,161.6699981689453,167.47000122070312,161.36000061035156,163.77000427246094,26557600
2024-09-19,165.79393005371094,167.4199981689453,170.0,165.66000366210938,167.67999267578125,32453100
2024-09-20,169.4381866455078,171.10000610351562,172.02000427246094,166.47000122070312,167.17999267578125,91758500
2024-09-23,171.26031494140625,172.94000244140625,173.32000732421875,168.35000610351562,172.0,29431100
2024-09-24,173.14187622070312,174.83999633789062,175.99000549316406,171.67999267578125,172.80999755859375,34223400
2024-09-25,173.8152618408203,175.52000427246094,177.13999938964844,173.75999450683594,174.64999389648438,16613800
2024-09-26,176.36029052734375,178.08999633789062,180.25,175.0,178.5,24340000
2024-09-27,171.01275634765625,172.69000244140625,178.47000122070312,171.75999450683594,178.1699981689453,20580900
2024-09-30,170.82460021972656,172.5,172.9199981689453,169.6300048828125,171.8699951171875,16902000
2024-10-01,165.84344482421875,167.47000122070312,172.25,165.8000030517578,172.16000366210938,23770400
2024-10-02,169.00245666503906,170.66000366210938,172.83999633789062,167.02000427246094,167.5500030517578,14317800
2024-10-03,170.22052001953125,171.88999938964844,174.94000244140625,169.19000244140625,169.6199951171875,13072300
2024-10-04,174.9243621826172,176.63999938964844,176.89999389648438,172.60000610351562,176.3000030517578,17921400
2024-10-07,173.37953186035156,175.0800018310547,178.30999755859375,173.86000061035156,174.82000732421875,15588300
2024-10-08,178.97467041015625,180.72999572753906,181.60000610351562,174.88999938964844,175.4199981689453,20774200
2024-10-09,184.1439666748047,185.9499969482422,186.4199981689453,176.4199981689453,179.24000549316406,25504100
2024-10-10,183.886474609375,185.69000244140625,186.30999755859375,182.52999877929688,183.55999755859375,16318000
2024-10-11,179.7173614501953,181.47999572753906,182.58999633789062,177.39999389648438,181.13999938964844,23070000
2024-10-14,180.539306640625,182.30999755859375,184.9499969482422,180.1300048828125,183.3000030517578,17195800
2024-10-15,174.2707977294922,175.97999572753906,181.6999969482422,173.3699951171875,180.7899932861328,27657500
2024-10-16,175.10263061523438,176.82000732421875,179.25,175.3300018310547,178.50999450683594,15285100
2024-10-17,179.7668914794922,181.52999877929688,185.50999450683594,180.69000244140625,181.3699951171875,25232400
2024-10-18,178.142822265625,179.88999938964844,182.7100067138672,178.67999267578125,182.32000732421875,17835200
2024-10-21,178.24183654785156,179.99000549316406,181.72000122070312,178.25,179.3800048828125,13695100
2024-10-22,177.6377716064453,179.3800048828125,180.69000244140625,177.41000366210938,178.66000366210938,12062600
2024-10-23,171.8247833251953,173.50999450683594,178.97999572753906,172.57000732421875,177.58999633789062,19513700
2024-10-24,169.68576049804688,171.35000610351562,174.3000030517578,169.5,174.25999450683594,20485200
2024-10-25,171.31973266601562,173.0,176.8000030517578,172.72000122070312,174.19000244140625,19977700
2024-10-28,170.3492431640625,172.02000427246094,173.97000122070312,171.35000610351562,173.0,13195800
2024-10-29,177.49913024902344,179.24000549316406,180.22999572753906,171.2100067138672,172.44000244140625,23702300
2024-10-30,174.9243621826172,176.63999938964844,179.19000244140625,175.6199951171875,177.47000122070312,17911500
2024-10-31,168.12110900878906,169.77000427246094,174.4499969482422,167.3800048828125,174.4499969482422,26086600
2024-11-01,167.27935791015625,168.9199981689453,171.3300018310547,167.5,168.25999450683594,17847000
2024-11-04,166.9129638671875,168.5500030517578,172.4499969482422,168.4199981689453,169.27999877929688,13621300
2024-11-05,172.2109832763672,173.89999389648438,174.39999389648438,170.0500030517578,170.0500030517578,13441800
2024-11-06,177.80612182617188,179.5500030517578,180.2100067138672,175.9600067138672,179.6300048828125,24300800
2024-11-07,182.0247344970703,183.80999755859375,184.8699951171875,181.7899932861328,181.99000549316406,18970600
2024-11-08,181.85638427734375,183.63999938964844,185.0500030517578,181.8300018310547,182.99000549316406,13503200
2024-11-11,177.17233276367188,178.91000366210938,183.6300048828125,176.82000732421875,183.39999389648438,17036700
2024-11-12,174.50845336914062,176.22000122070312,179.55999755859375,173.1999969482422,178.89999389648438,15862000
2024-11-13,171.89410400390625,173.5800018310547,175.58999633789062,172.60000610351562,174.7100067138672,17472500
2024-11-14,168.72518920898438,170.3800048828125,175.57000732421875,169.8699951171875,174.77000427246094,20638900
2024-11-15,163.23898315429688,164.83999633789062,169.13999938964844,163.42999267578125,168.47000122070312,20836200
2024-11-18,164.0609130859375,165.6699981689453,166.35000610351562,162.22000122070312,165.66000366210938,17856900
2024-11-19,163.74403381347656,165.35000610351562,166.8000030517578,164.30999755859375,166.66000366210938,18003400
2024-11-20,161.6644287109375,163.25,165.5399932861328,160.86000061035156,165.5399932861328,17196700
2024-11-21,162.34774780273438,163.94000244140625,166.33999633789062,160.60000610351562,166.25,24835300
2024-11-22,162.63490295410156,164.22999572753906,164.91000366210938,162.39999389648438,164.3000030517578,17332500
2024-11-25,163.21920776367188,164.82000732421875,167.22999572753906,162.88999938964844,165.39999389648438,26850600
2024-11-26,163.1399688720703,164.74000549316406,166.3699951171875,162.69000244140625,164.60000610351562,16308800
2024-11-27,158.11920166015625,159.6699981689453,163.1999969482422,157.5399932861328,163.1999969482422,19722700
2024-11-29,160.50579833984375,162.0800018310547,162.69000244140625,159.0800018310547,159.57000732421875,11024000
2024-12-02,164.89276123046875,166.50999450683594,168.3800048828125,162.75,162.9499969482422,21472400
2024-12-03,166.516845703125,168.14999389648438,168.27000427246094,164.02999877929688,164.47999572753906,17024400
2024-12-04,168.90345764160156,170.55999755859375,175.38999938964844,168.55999755859375,173.44000244140625,32748200
2024-12-05,168.81430053710938,170.47000122070312,172.39999389648438,169.1999969482422,170.75,18490000
2024-12-06,177.78631591796875,179.52999877929688,180.67999267578125,169.3300018310547,170.10000610351562,27830800
2024-12-09,177.20204162597656,178.94000244140625,180.7899932861328,176.02000427246094,178.9499969482422,20886300
2024-12-10,170.1413116455078,171.80999755859375,178.5,169.72999572753906,177.80999755859375,27762600
2024-12-11,181.42066955566406,183.1999969482422,184.8699951171875,176.42999267578125,180.00999450683594,41295200
2024-12-12,178.90533447265625,180.66000366210938,182.0,175.99000549316406,180.92999267578125,46967200
2024-12-13,222.6166229248047,224.8000030517578,228.6999969482422,211.11000061035156,213.89999389648438,121336600
2024-12-16,247.57186889648438,250.0,251.8800048828125,230.80999755859375,231.7899932861328,111623200
2024-12-17,237.8967742919922,240.22999572753906,242.47000122070312,233.8000030517578,240.64999389648438,70382100
2024-12-18,221.44810485839844,223.6199951171875,239.85000610351562,219.22000122070312,239.41000366210938,53960100
2024-12-19,216.19956970214844,218.32000732421875,228.0500030517578,217.5800018310547,227.91000366210938,40845200
2024-12-20,218.6455535888672,220.7899932861328,230.2899932861328,218.91000366210938,220.36000061035156,131910400
2024-12-23,230.70982360839844,232.35000610351562,233.39999389648438,225.1300048828125,226.69000244140625,40643800
2024-12-24,237.988037109375,239.67999267578125,240.22999572753906,234.8000030517578,240.1199951171875,22827200
2024-12-26,243.62796020507812,245.36000061035156,247.27999877929688,237.60000610351562,240.0,28459000
2024-12-27,240.04345703125,241.75,245.77999877929688,236.35000610351562,245.63999938964844,29282200
2024-12-30,233.9169921875,235.5800018310547,238.77000427246094,231.6199951171875,234.6999969482422,27316800
2024-12-31,230.20338439941406,231.83999633789062,237.4600067138672,231.30999755859375,235.8800048828125,17927700
2025-01-02,230.3424072265625,231.97999572753906,239.5,230.24000549316406,236.16000366210938,31525800
2025-01-03,230.90838623046875,232.5500030517578,236.49000549316406,229.0,233.58999633789062,24973200
2025-01-06,234.74114990234375,236.41000366210938,241.75,233.3000030517578,236.5,34028400
2025-01-07,227.02598571777344,228.63999938964844,239.5,227.60000610351562,239.5,25928600
2025-01-08,227.69125366210938,229.30999755859375,232.47000122070312,226.05999755859375,229.6999969482422,18756500
2025-01-10,222.7265625,224.30999755859375,227.8300018310547,221.25,227.3000030517578,23864000
2025-01-13,223.6996307373047,225.2899932861328,229.25999450683594,219.50999450683594,219.99000549316406,23772100
2025-01-14,223.11380004882812,224.6999969482422,230.25999450683594,223.10000610351562,226.57000732421875,18143100
2025-01-15,226.39051818847656,228.0,230.33999633789062,225.5800018310547,228.5500030517578,21745600
2025-01-16,227.79055786132812,229.41000366210938,238.60000610351562,229.2100067138672,235.22000122070312,23471900
2025-01-17,235.7638702392578,237.44000244140625,238.10000610351562,232.66000366210938,237.0800018310547,31196600
2025-01-21,238.61361694335938,240.30999755859375,242.75,237.39999389648438,241.5,30903200
2025-01-22,239.20936584472656,240.91000366210938,246.99000549316406,240.69000244140625,246.75,29610500
2025-01-23,238.5838165283203,240.27999877929688,240.39999389648438,236.1199951171875,238.41000366210938,17653900
2025-01-24,242.97262573242188,244.6999969482422,249.58999633789062,241.91000366210938,244.6999969482422,25387800
2025-01-27,200.70314025878906,202.1300048828125,218.42999267578125,196.22999572753906,213.39999389648438,90569400
2025-01-28,205.89620971679688,207.36000061035156,209.9499969482422,198.88999938964844,208.00999450683594,50316000
2025-01-29,204.89334106445312,206.35000610351562,211.4499969482422,202.77000427246094,208.83999633789062,32533700
2025-01-30,214.1376190185547,215.66000366210938,221.9600067138672,213.6999969482422,218.57000732421875,42449500
2025-01-31,219.70802307128906,221.27000427246094,226.8000030517578,216.3000030517578,219.66000366210938,41104700
2025-02-03,216.1929931640625,217.72999572753906,220.94000244140625,213.50999450683594,215.4600067138672,24507300
2025-02-04,220.8598175048828,222.42999267578125,223.02999877929688,215.3000030517578,219.35000610351562,23768500
2025-02-05,230.36227416992188,232.0,237.92999267578125,227.5,233.94000244140625,29196000
2025-02-06,229.72679138183594,231.36000061035156,234.8000030517578,228.55999755859375,234.5,21169500
2025-02-07,223.28260803222656,224.8699951171875,235.64999389648438,224.11000061035156,235.0,22117500
2025-02-10,233.3808135986328,235.0399932861328,235.82000732421875,227.1199951171875,227.42999267578125,23901600
2025-02-11,233.3808135986328,235.0399932861328,237.88999938964844,229.97000122070312,232.47999572753906,18476200
2025-02-12,234.68157958984375,236.35000610351562,236.47999572753906,230.0,230.36000061035156,16397300
2025-02-13,234.1354522705078,235.8000030517578,236.9499969482422,230.72999572753906,236.05999755859375,20962000
2025-02-14,231.39492797851562,233.0399932861328,235.74000549316406,228.89999389648438,234.52999877929688,16988800
2025-02-18,226.916748046875,228.52999877929688,232.1999969482422,224.3000030517578,230.10000610351562,26080500
2025-02-19,227.1153564453125,228.72999572753906,229.07000732421875,224.39999389648438,227.85000610351562,16375500
2025-02-20,225.139404296875,226.74000549316406,228.97999572753906,222.75,228.64999389648438,16104000
2025-02-21,217.11643981933594,218.66000366210938,227.75,215.6300048828125,225.64999389648438,24883600
2025-02-24,206.46217346191406,207.92999267578125,219.47999572753906,207.5399932861328,218.60000610351562,33050400
2025-02-25,201.1102294921875,202.5399932861328,208.63999938964844,200.9199981689453,207.0,33100800
2025-02-26,211.43682861328125,212.94000244140625,213.5399932861328,206.0,206.91000366210938,21368300
2025-02-27,196.40370178222656,197.8000030517578,219.25,197.39999389648438,217.27999877929688,27572900
2025-02-28,198.02218627929688,199.42999267578125,201.19000244140625,193.14999389648438,195.75999450683594,39747200
2025-03-03,186.04733276367188,187.3699951171875,204.05999755859375,184.52999877929688,204.0,37435600
2025-03-04,186.1565399169922,187.47999572753906,193.9499969482422,180.47999572753906,189.22000122070312,37910500
2025-03-05,190.22760009765625,191.5800018310547,194.0800018310547,187.10000610351562,191.86000061035156,25644500
2025-03-06,178.1832275390625,179.4499969482422,186.8300018310547,177.61000061035156,181.0399932861328,56864100
2025-03-07,193.583740234375,194.9600067138672,195.47999572753906,181.55999755859375,187.72999572753906,74528900
2025-03-10,183.14793395996094,184.4499969482422,191.97999572753906,180.42999267578125,189.60000610351562,44217100
2025-03-11,188.74810791015625,190.08999633789062,195.6199951171875,185.35000610351562,188.0500030517578,42153200
2025-03-12,192.85890197753906,194.22999572753906,199.97999572753906,192.4499969482422,196.22000122070312,30409700
2025-03-13,190.0091552734375,191.36000061035156,196.32000732421875,189.47000122070312,193.14999389648438,27236100
2025-03-14,194.15963745117188,195.5399932861328,197.5,193.1999969482422,196.1999969482422,25900900
2025-03-17,193.1269989013672,194.5,196.72000122070312,187.5,188.0500030517578,26830600
2025-03-18,187.338134765625,188.6699981689453,192.88999938964844,186.89999389648438,190.44000244140625,24951000
2025-03-19,194.18943786621094,195.57000732421875,198.27000427246094,186.89999389648438,189.33999633789062,37962700
2025-03-20,189.76744079589844,190.5399932861328,193.83999633789062,188.94000244140625,191.52000427246094,31430000
2025-03-21,190.88290405273438,191.66000366210938,192.07000732421875,187.3699951171875,188.2100067138672,43086500
2025-03-24,190.47454833984375,191.25,196.69000244140625,190.6699981689453,194.3000030517578,33180300
2025-03-25,187.49668884277344,188.25999450683594,191.60000610351562,187.67999267578125,190.88999938964844,23417300
2025-03-26,178.5431365966797,179.27000427246094,188.05999755859375,177.5800018310547,186.66000366210938,30578500
2025-03-27,171.2926483154297,171.99000549316406,178.3800048828125,170.4600067138672,177.66000366210938,32151700
2025-03-28,168.4342803955078,169.1199951171875,173.3000030517578,166.47000122070312,171.92999267578125,30391500
2025-03-31,166.75112915039062,167.42999267578125,167.94000244140625,160.6199951171875,164.49000549316406,35656400
2025-04-01,167.8367156982422,168.52000427246094,168.7100067138672,163.4199981689453,166.3699951171875,20472400
2025-04-02,171.39224243164062,172.08999633789062,173.42999267578125,165.5,166.0800018310547,19523700
2025-04-03,153.3855438232422,154.00999450683594,163.42999267578125,153.6999969482422,160.5399932861328,44354900
2025-04-04,145.69683837890625,146.2899932861328,152.8000030517578,139.1699981689453,148.1699981689453,72302200
2025-04-07,153.5150146484375,154.13999938964844,160.42999267578125,138.10000610351562,144.49000549316406,68503500
2025-04-08,155.39735412597656,156.02999877929688,169.77999877929688,153.08999633789062,167.6199951171875,58888200
2025-04-09,184.3992919921875,185.14999389648438,187.3300018310547,157.50999450683594,160.5,72708300
2025-04-10,171.60140991210938,172.3000030517578,176.9499969482422,166.39999389648438,175.3000030517578,51212200
2025-04-11,181.2023162841797,181.94000244140625,182.66000366210938,173.30999755859375,173.6199951171875,33964100
2025-04-14,177.63682556152344,178.36000061035156,186.0,175.82000732421875,185.0800018310547,25748300
2025-04-15,178.22442626953125,178.9499969482422,182.25999450683594,178.0800018310547,179.72999572753906,17242400
2025-04-16,173.9020233154297,174.61000061035156,176.0800018310547,166.9199981689453,170.42999267578125,34638600
2025-04-17,170.2967071533203,170.99000549316406,176.25,169.9199981689453,176.25,22501800
2025-04-21,165.53610229492188,166.2100067138672,168.0,161.61000061035156,166.99000549316406,23469800
2025-04-22,168.89242553710938,169.5800018310547,170.52000427246094,165.22000122070312,167.42999267578125,18504900
2025-04-23,176.1927032470703,176.91000366210938,180.4499969482422,175.82000732421875,177.77999877929688,24380500
2025-04-24,187.38711547851562,188.14999389648438,188.57000732421875,178.3000030517578,179.69000244140625,27576900
2025-04-25,191.53025817871094,192.30999755859375,193.3699951171875,186.88999938964844,186.9199981689453,21242300
2025-04-28,191.6896209716797,192.47000122070312,193.10000610351562,187.67999267578125,190.52999877929688,16385800
2025-04-29,190.39488220214844,191.1699981689453,193.25,190.10000610351562,191.72000122070312,14630000
2025-04-30,191.6896209716797,192.47000122070312,193.1999969482422,184.02000427246094,185.89999389648438,22768900
2025-05-01,196.5299072265625,197.3300018310547,201.39999389648438,196.24000549316406,198.13999938964844,24939700
2025-05-02,202.8143310546875,203.63999938964844,205.67999267578125,201.0800018310547,203.89999389648438,17766800
2025-05-05,199.90615844726562,200.72000122070312,203.22999572753906,200.0,200.25,14025400
2025-05-06,199.27871704101562,200.08999633789062,201.91000366210938,195.94000244140625,196.44000244140625,16348800
2025-05-07,203.97958374023438,204.80999755859375,206.22999572753906,198.42999267578125,199.2899932861328,20253700
2025-05-08,206.92758178710938,207.77000427246094,211.16000366210938,203.69000244140625,208.0,18460900
2025-05-09,207.3558349609375,208.1999969482422,209.9600067138672,206.52000427246094,209.3300018310547,13289200
2025-05-12,220.6815948486328,221.5800018310547,221.8000030517578,215.8800048828125,219.49000549316406,25437700
2025-05-13,231.47763061523438,232.4199981689453,235.27999877929688,222.0,222.0,28790500
2025-05-14,231.17884826660156,232.1199951171875,233.5,228.35000610351562,230.22999572753906,19751400
2025-05-15,231.69674682617188,232.63999938964844,234.4600067138672,228.07000732421875,230.16000366210938,18803700
2025-05-16,227.68307495117188,228.61000061035156,232.63999938964844,226.38999938964844,232.32000732421875,23094600
2025-05-19,229.6949005126953,230.6300048828125,231.25,221.60000610351562,221.85000610351562,15355500
2025-05-20,230.74063110351562,231.67999267578125,231.77000427246094,226.33999633789062,226.49000549316406,11787200
2025-05-21,228.7985382080078,229.72999572753906,236.5,227.8300018310547,228.38999938964844,17642900
2025-05-22,229.59530639648438,230.52999877929688,233.69000244140625,227.42999267578125,228.33999633789062,14340200
2025-05-23,227.79263305664062,228.72000122070312,230.64999389648438,226.17999267578125,226.94000244140625,15385600
2025-05-27,234.6945343017578,235.64999389648438,236.47999572753906,231.1300048828125,232.8699951171875,17941700
2025-05-28,238.45919799804688,239.42999267578125,240.99000549316406,234.42999267578125,237.14999389648438,20443000
2025-05-29,240.98890686035156,241.97000122070312,246.07000732421875,237.39999389648438,245.91000366210938,20743700
2025-05-30,241.08851623535156,242.07000732421875,243.1699981689453,234.89999389648438,241.22000122070312,27088600
2025-06-02,247.70159912109375,248.7100067138672,250.0,243.19000244140625,243.25,19197000
2025-06-03,255.80859375,256.8500061035156,257.8800048828125,249.39999389648438,250.0800018310547,30380200
2025-06-04,260.02142333984375,261.0799865722656,265.42999267578125,257.5899963378906,258.05999755859375,31536000
2025-06-05,258.8760986328125,259.92999267578125,264.8900146484375,259.05999755859375,262.95001220703125,41970900
2025-06-06,245.92880249023438,246.92999267578125,255.32000732421875,246.1300048828125,251.13999938964844,41146700
2025-06-09,243.28955078125,244.27999877929688,248.1699981689453,241.11000061035156,245.0500030517578,25334100
2025-06-10,243.6381378173828,244.6300048828125,246.27999877929688,241.39999389648438,244.22000122070312,25491300
2025-06-11,251.8845672607422,252.91000366210938,254.77000427246094,243.8000030517578,246.36000061035156,24599000
2025-06-12,255.03175354003906,256.07000732421875,257.8900146484375,249.5,250.19000244140625,20410900
2025-06-13,247.69161987304688,248.6999969482422,254.0,248.35000610351562,250.66000366210938,19028400
2025-06-16,251.07785034179688,252.10000610351562,255.19000244140625,249.57000732421875,250.35000610351562,20363000
2025-06-17,248.35890197753906,249.3699951171875,253.9600067138672,247.9199981689453,250.9499969482422,22014300
2025-06-18,250.24122619628906,251.25999450683594,255.63999938964844,249.41000366210938,250.88999938964844,30435500
2025-06-20,249.5624237060547,249.99000549316406,253.52000427246094,244.1699981689453,253.2100067138672,42134900
2025-06-23,253.33595275878906,253.77000427246094,254.2100067138672,246.4600067138672,249.11000061035156,19747000
2025-06-24,263.31884765625,263.7699890136719,265.8699951171875,258.7699890136719,258.7699890136719,32764900
2025-06-25,264.19732666015625,264.6499938964844,269.8699951171875,263.42999267578125,266.0,18894200
2025-06-26,269.7079162597656,270.1700134277344,271.6700134277344,264.1300048828125,265.0799865722656,23569600
2025-06-27,268.8893127441406,269.3500061035156,271.8500061035156,266.8800048828125,270.29998779296875,27477600
2025-06-30,275.17852783203125,275.6499938964844,277.7099914550781,272.1300048828125,274.7300109863281,24708400
2025-07-01,264.28717041015625,264.739990234375,274.5,262.6600036621094,274.3999938964844,28847600
2025-07-02,269.4383544921875,269.8999938964844,272.0,262.7300109863281,263.989990234375,17582100
2025-07-03,274.7093200683594,275.17999267578125,275.79998779296875,270.1199951171875,270.7300109863281,10592700
2025-07-07,273.7110290527344,274.17999267578125,277.55999755859375,272.6600036621094,275.1300048828125,16760600
2025-07-08,271.3350830078125,271.79998779296875,276.3500061035156,271.1499938964844,276.3500061035156,14869400
2025-07-09,277.4246826171875,277.8999938964844,279.45001220703125,272.7200012207031,272.9599914550781,20133000
2025-07-10,274.928955078125,275.3999938964844,281.17999267578125,272.70001220703125,279.7900085449219,17891600
2025-07-11,273.91070556640625,274.3800048828125,276.4700012207031,271.8900146484375,274.1400146484375,14274700
2025-07-14,275.12860107421875,275.6000061035156,278.3599853515625,269.5799865722656,274.1300048828125,11934200
2025-07-15,280.45947265625,280.94000244140625,283.3599853515625,277.8500061035156,279.80999755859375,17918400
2025-07-16,280.3296813964844,280.80999755859375,281.510009765625,275.6700134277344,280.1099853515625,15031000
2025-07-17,285.9600524902344,286.45001220703125,288.2799987792969,279.9100036621094,281.1400146484375,17231100
2025-07-18,282.8553771972656,283.3399963378906,287.5299987792969,281.0,287.1099853515625,15012400
2025-07-21,287.717041015625,288.2099914550781,290.5400085449219,283.6300048828125,283.9599914550781,17726800
2025-07-22,278.1134948730469,278.5899963378906,288.0,276.42999267578125,287.6499938964844,16564800
2025-07-23,283.20477294921875,283.69000244140625,284.0,273.0,276.7799987792969,20556200
2025-07-24,288.2161865234375,288.7099914550781,291.20001220703125,283.5,289.7900085449219,16413800
2025-07-25,289.68365478515625,290.17999267578125,292.5899963378906,287.2699890136719,288.07000732421875,12476200
2025-07-28,293.7966003417969,294.29998779296875,295.45001220703125,290.5899963378906,292.4599914550781,13683400
2025-07-29,296.91131591796875,297.4200134277344,302.19000244140625,294.8699951171875,297.5,19210800
2025-07-30,302.1023864746094,302.6199951171875,303.260009765625,295.79998779296875,297.1499938964844,16738900
2025-07-31,293.1976623535156,293.70001220703125,306.95001220703125,290.2300109863281,302.79998779296875,25488500
2025-08-01,288.1463317871094,288.6400146484375,292.6400146484375,281.6099853515625,286.5400085449219,21428100
2025-08-04,297.2107849121094,297.7200012207031,298.4800109863281,291.3999938964844,292.20001220703125,17164600
2025-08-05,292.428955078125,292.92999267578125,301.20001220703125,291.45001220703125,297.80999755859375,18477500
2025-08-06,301.1540222167969,301.6700134277344,302.80999755859375,291.8999938964844,292.8999938964844,17392100
2025-08-07,303.2404479980469,303.760009765625,310.3399963378906,299.8800048828125,306.1700134277344,16319400
2025-08-08,304.4483642578125,304.9700012207031,307.8699951171875,302.54998779296875,304.04998779296875,12458700
2025-08-11,303.38018798828125,303.8999938964844,308.30999755859375,301.2900085449219,305.04998779296875,12396400
2025-08-12,312.294921875,312.8299865722656,313.44000244140625,304.6700134277344,306.6300048828125,17609600
2025-08-13,308.5613098144531,309.0899963378906,317.3500061035156,304.75,316.75,17371200
2025-08-14,310.69769287109375,311.2300109863281,314.1700134277344,307.0,307.010009765625,15717600
2025-08-15,305.8160400390625,306.3399963378906,311.5,299.760009765625,311.0299987792969,22806900
2025-08-18,305.2370300292969,305.760009765625,306.1700134277344,299.0,302.70001220703125,14724700
2025-08-19,294.40557861328125,294.9100036621094,302.8999938964844,292.3900146484375,302.4200134277344,20149600
2025-08-20,290.6719970703125,291.1700134277344,295.489990234375,281.8699951171875,295.4599914550781,23600500
2025-08-21,289.10467529296875,289.6000061035156,292.3900146484375,286.1700134277344,290.05999755859375,14946300
2025-08-22,293.49713134765625,294.0,300.0899963378906,289.010009765625,291.75,16301300
2025-08-25,293.72674560546875,294.2300109863281,298.3999938964844,291.7099914550781,292.80999755859375,15124700
2025-08-26,297.5002746582031,298.010009765625,300.25,293.989990234375,294.3500061035156,25689100
2025-08-27,299.7364501953125,300.25,301.17999267578125,293.7799987792969,297.5299987792969,13830300
2025-08-28,308.1220703125,308.6499938964844,311.0,302.3299865722656,302.92999267578125,18907100
2025-08-29,296.88134765625,297.3900146484375,307.010009765625,293.6600036621094,307.010009765625,21610700
2025-09-02,297.7298889160156,298.239990234375,298.7099914550781,287.1700134277344,289.3399963378906,19693000
2025-09-03,301.872802734375,302.3900146484375,304.45001220703125,296.3999938964844,302.2900085449219,18529400
2025-09-04,305.5764465332031,306.1000061035156,308.7799987792969,302.25,305.05999755859375,31220800
2025-09-05,334.31719970703125,334.8900146484375,356.3399963378906,331.4200134277344,355.7799987792969,78401600
2025-09-08,345.05877685546875,345.6499938964844,354.1700134277344,341.25,342.75,43535600
2025-09-09,336.09417724609375,336.6700134277344,350.9800109863281,335.8299865722656,349.54998779296875,26972300
2025-09-10,368.9378967285156,369.57000732421875,372.9700012207031,350.54998779296875,351.5199890136719,51086800
2025-09-11,359.014892578125,359.6300048828125,374.2300109863281,358.760009765625,371.17999267578125,29430900
2025-09-12,359.25445556640625,359.8699951171875,364.3900146484375,357.1600036621094,362.9100036621094,31949800
2025-09-15,363.4672546386719,364.0899963378906,365.5,356.3399963378906,359.8699951171875,21792200
2025-09-16,359.3842468261719,360.0,365.69000244140625,356.989990234375,365.42999267578125,21306500
2025-09-17,345.5779113769531,346.1700134277344,359.92999267578125,341.5,358.8500061035156,45197100
2025-09-18,344.7593078613281,345.3500061035156,350.70001220703125,343.7900085449219,350.0,24663900
2025-09-19,344.3500061035156,344.94000244140625,346.2699890136719,336.42999267578125,344.6499938964844,41240100
2025-09-22,338.7900085449219,338.7900085449219,346.6700134277344,337.94000244140625,342.42999267578125,28660000
2025-09-23,338.94000244140625,338.94000244140625,345.2200012207031,337.0199890136719,340.239990234375,21944100
2025-09-24,339.30999755859375,339.30999755859375,340.0799865722656,333.80999755859375,339.760009765625,19677300
2025-09-25,336.1000061035156,336.1000061035156,338.05999755859375,327.29998779296875,332.989990234375,21678200
2025-09-26,334.5299987792969,334.5299987792969,339.0799865722656,330.5799865722656,337.42999267578125,15464700
2025-09-29,327.8999938964844,327.8999938964844,341.04998779296875,327.54998779296875,336.0,21336000
2025-09-30,329.9100036621094,329.9100036621094,331.04998779296875,324.6099853515625,330.1199951171875,20109500
2025-10-01,333.3900146484375,333.3900146484375,337.95001220703125,324.5,328.1499938964844,21122700
2025-10-02,338.17999267578125,338.17999267578125,347.6099853515625,335.25,347.6099853515625,19917600
2025-10-03,338.3699951171875,338.3699951171875,344.3999938964844,335.739990234375,341.5,14749100
2025-10-06,335.489990234375,335.489990234375,344.1300048828125,334.55999755859375,335.9200134277344,18465700
2025-10-07,336.4100036621094,336.4100036621094,338.1099853515625,326.5799865722656,337.0299987792969,18086700
2025-10-08,345.5,345.5,346.5400085449219,332.6199951171875,333.82000732421875,21478300
2025-10-09,345.0199890136719,345.0199890136719,347.30999755859375,340.3999938964844,345.75,17643700
2025-10-10,324.6300048828125,324.6300048828125,350.6000061035156,324.04998779296875,345.3900146484375,28941000
2025-10-13,356.70001220703125,356.70001220703125,359.3800048828125,343.5199890136719,352.7699890136719,45984300
2025-10-14,344.1300048828125,344.1300048828125,350.6700134277344,339.6499938964844,350.1300048828125,22078000
2025-10-15,351.3299865722656,351.3299865722656,359.3999938964844,347.5,354.4700012207031,23918500
2025-10-16,354.1499938964844,354.1499938964844,363.239990234375,349.489990234375,356.79998779296875,20317200
2025-10-17,349.3299865722656,349.3299865722656,350.9700012207031,340.7799987792969,349.6099853515625,20937900
2025-10-20,349.239990234375,349.239990234375,356.5899963378906,347.8399963378906,353.79998779296875,15640200
2025-10-21,342.6600036621094,342.6600036621094,351.1000061035156,341.30999755859375,350.0,16092600
2025-10-22,340.29998779296875,340.29998779296875,348.010009765625,335.510009765625,347.29998779296875,19268800
2025-10-23,344.2900085449219,344.2900085449219,346.57000732421875,340.3999938964844,340.3999938964844,12859200
2025-10-24,354.1300048828125,354.1300048828125,358.29998779296875,350.8800048828125,352.510009765625,16143700
2025-10-27,362.04998779296875,362.04998779296875,362.75,355.0799865722656,361.5400085449219,20065800
2025-10-28,372.9700012207031,372.9700012207031,374.05999755859375,362.5299987792969,362.6199951171875,21056000
2025-10-29,385.9800109863281,385.9800109863281,386.4800109863281,373.19000244140625,373.19000244140625,24975200
2025-10-30,376.4700012207031,376.4700012207031,386.3999938964844,370.05999755859375,386.3999938964844,24295300
2025-10-31,369.6300048828125,369.6300048828125,378.82000732421875,365.1000061035156,378.2699890136719,21598400
2025-11-03,362.54998779296875,362.54998779296875,374.8500061035156,361.9800109863281,372.0,17198900
2025-11-04,351.94000244140625,351.94000244140625,368.95001220703125,351.0,358.5199890136719,24047500
2025-11-05,358.9800109863281,358.9800109863281,364.8699951171875,350.0899963378906,350.8900146484375,17087600
2025-11-06,355.5899963378906,355.5899963378906,363.5,352.7099914550781,360.1099853515625,19896900
2025-11-07,349.42999267578125,349.42999267578125,354.5,337.2699890136719,354.19000244140625,21903200
2025-11-10,358.3900146484375,358.3900146484375,360.0,354.6099853515625,357.8999938964844,16409000
2025-11-11,351.9599914550781,351.9599914550781,361.8900146484375,349.6700134277344,358.9700012207031,16446800
2025-11-12,355.2200012207031,355.2200012207031,358.8699951171875,351.67999267578125,358.0400085449219,12190500
2025-11-13,339.9800109863281,339.9800109863281,353.54998779296875,334.1600036621094,351.5799865722656,22616600
2025-11-14,342.4599914550781,342.4599914550781,344.739990234375,329.05999755859375,331.4700012207031,18500800
2025-11-17,342.6499938964844,342.6499938964844,352.20001220703125,337.5199890136719,339.82000732421875,14799600
2025-11-18,340.5,340.5,347.9700012207031,335.510009765625,343.20001220703125,21699500
2025-11-19,347.82501220703125,347.82501220703125,359.69000244140625,337.79998779296875,340.7049865722656,9318683
