date,adj_close,adj_close,adj_close,adj_close,adj_close,adj_close,close,close,close,close,close,close,high,high,high,high,high,high,low,low,low,low,low,low,open,open,open,open,open,open,volume,volume,volume,volume,volume,volume
,#,100,FTSE,UCITS,VANGUARD,VUKE.L,#,100,FTSE,UCITS,VANGUARD,VUKE.L,#,100,FTSE,UCITS,VANGUARD,VUKE.L,#,100,FTSE,UCITS,VANGUARD,VUKE.L,#,100,FTSE,UCITS,VANGUARD,VUKE.L,#,100,FTSE,UCITS,VANGUARD,VUKE.L
2023-05-30,,,,,,30.007404327392578,,,,,,33.02000045776367,,,,,,33.51959991455078,,,,,,32.98649978637695,,,,,,33.5099983215332,,,,,,569518
2023-05-31,,,,,,29.702966690063477,,,,,,32.685001373291016,,,,,,33.0,,,,,,32.685001373291016,,,,,,32.810001373291016,,,,,,206107
2023-06-01,,,,,,29.925617218017578,,,,,,32.93000030517578,,,,,,32.95220184326172,,,,,,32.720149993896484,,,,,,32.790000915527344,,,,,,188327
2023-06-02,,,,,,30.37545394897461,,,,,,33.42499923706055,,,,,,33.47999954223633,,,,,,33.029998779296875,,,,,,33.08000183105469,,,,,,147749
2023-06-05,,,,,,30.37545394897461,,,,,,33.42499923706055,,,,,,33.665000915527344,,,,,,33.38999938964844,,,,,,33.63999938964844,,,,,,175585
2023-06-06,,,,,,30.5253963470459,,,,,,33.59000015258789,,,,,,33.59000015258789,,,,,,33.22999954223633,,,,,,33.3849983215332,,,,,,43683
2023-06-07,,,,,,30.498136520385742,,,,,,33.560001373291016,,,,,,33.6349983215332,,,,,,33.439998626708984,,,,,,33.5,,,,,,108610
2023-06-08,,,,,,30.420888900756836,,,,,,33.474998474121094,,,,,,33.665000915527344,,,,,,33.41999816894531,,,,,,33.619998931884766,,,,,,58469
2023-06-09,,,,,,30.261856079101562,,,,,,33.29999923706055,,,,,,33.55500030517578,,,,,,33.22999954223633,,,,,,33.54999923706055,,,,,,220929
2023-06-12,,,,,,30.29821014404297,,,,,,33.34000015258789,,,,,,33.50259017944336,,,,,,33.279998779296875,,,,,,33.5,,,,,,155463
2023-06-13,,,,,,30.384544372558594,,,,,,33.435001373291016,,,,,,33.5281982421875,,,,,,33.291351318359375,,,,,,33.439998626708984,,,,,,79591
2023-06-14,,,,,,30.439067840576172,,,,,,33.494998931884766,,,,,,33.654998779296875,,,,,,33.334999084472656,,,,,,33.43000030517578,,,,,,102383
2023-06-15,,,,,,30.535503387451172,,,,,,33.220001220703125,,,,,,33.275001525878906,,,,,,32.98500061035156,,,,,,33.060001373291016,,,,,,107648
2023-06-16,,,,,,30.576866149902344,,,,,,33.26499938964844,,,,,,33.470001220703125,,,,,,33.23500061035156,,,,,,33.314998626708984,,,,,,106722
2023-06-19,,,,,,30.374645233154297,,,,,,33.04499816894531,,,,,,33.21500015258789,,,,,,33.02000045776367,,,,,,33.21500015258789,,,,,,97497
2023-06-20,,,,,,30.296510696411133,,,,,,32.959999084472656,,,,,,33.1349983215332,,,,,,32.935001373291016,,,,,,32.9900016784668,,,,,,116684
2023-06-21,,,,,,30.259750366210938,,,,,,32.91999816894531,,,,,,33.0099983215332,,,,,,32.72999954223633,,,,,,32.79999923706055,,,,,,101747
2023-06-22,,,,,,30.034543991088867,,,,,,32.67499923706055,,,,,,32.68000030517578,,,,,,32.45500183105469,,,,,,32.64500045776367,,,,,,266795
2023-06-23,,,,,,29.878284454345703,,,,,,32.505001068115234,,,,,,32.648651123046875,,,,,,32.416500091552734,,,,,,32.54999923706055,,,,,,136351
2023-06-26,,,,,,29.8644962310791,,,,,,32.4900016784668,,,,,,32.595001220703125,,,,,,32.24729919433594,,,,,,32.54999923706055,,,,,,143098
2023-06-27,,,,,,29.892070770263672,,,,,,32.52000045776367,,,,,,32.709999084472656,,,,,,32.375,,,,,,32.60499954223633,,,,,,121870
2023-06-28,,,,,,30.034543991088867,,,,,,32.67499923706055,,,,,,32.77000045776367,,,,,,32.584999084472656,,,,,,32.619998931884766,,,,,,187278
2023-06-29,,,,,,29.947223663330078,,,,,,32.58000183105469,,,,,,32.76499938964844,,,,,,32.525001525878906,,,,,,32.67499923706055,,,,,,146263
2023-06-30,,,,,,30.172426223754883,,,,,,32.82500076293945,,,,,,32.915000915527344,,,,,,32.6150016784668,,,,,,32.665000915527344,,,,,,147876
2023-07-03,,,,,,30.158639907836914,,,,,,32.810001373291016,,,,,,32.95500183105469,,,,,,32.748199462890625,,,,,,32.82500076293945,,,,,,524965
2023-07-04,,,,,,30.112672805786133,,,,,,32.7599983215332,,,,,,32.8849983215332,,,,,,32.73500061035156,,,,,,32.775001525878906,,,,,,210368
2023-07-05,,,,,,29.81853675842285,,,,,,32.439998626708984,,,,,,32.68659973144531,,,,,,32.37754821777344,,,,,,32.64500045776367,,,,,,166010
2023-07-06,,,,,,29.147525787353516,,,,,,31.709999084472656,,,,,,32.2400016784668,,,,,,31.649999618530273,,,,,,32.2400016784668,,,,,,160244
2023-07-07,,,,,,29.0234375,,,,,,31.575000762939453,,,,,,31.690000534057617,,,,,,31.489349365234375,,,,,,31.610000610351562,,,,,,614945
2023-07-10,,,,,,29.101564407348633,,,,,,31.65999984741211,,,,,,31.790000915527344,,,,,,31.459999084472656,,,,,,31.514999389648438,,,,,,41584
2023-07-11,,,,,,29.1291446685791,,,,,,31.690000534057617,,,,,,31.729999542236328,,,,,,31.4950008392334,,,,,,31.645000457763672,,,,,,115735
2023-07-12,,,,,,29.666872024536133,,,,,,32.275001525878906,,,,,,32.31999969482422,,,,,,31.7325496673584,,,,,,31.780000686645508,,,,,,72771
2023-07-13,,,,,,29.804744720458984,,,,,,32.42499923706055,,,,,,32.494998931884766,,,,,,32.262901306152344,,,,,,32.30500030517578,,,,,,134292
2023-07-14,,,,,,29.76797866821289,,,,,,32.3849983215332,,,,,,32.59000015258789,,,,,,32.29499816894531,,,,,,32.3650016784668,,,,,,34580
2023-07-17,,,,,,29.666872024536133,,,,,,32.275001525878906,,,,,,32.404998779296875,,,,,,32.224998474121094,,,,,,32.2599983215332,,,,,,153811
2023-07-18,,,,,,29.832321166992188,,,,,,32.45500183105469,,,,,,32.48500061035156,,,,,,32.224998474121094,,,,,,32.244998931884766,,,,,,95375
2023-07-19,,,,,,30.379240036010742,,,,,,33.04999923706055,,,,,,33.209999084472656,,,,,,32.6349983215332,,,,,,32.66999816894531,,,,,,211331
2023-07-20,,,,,,30.595252990722656,,,,,,33.28499984741211,,,,,,33.375,,,,,,33.03499984741211,,,,,,33.064998626708984,,,,,,134940
2023-07-21,,,,,,30.645809173583984,,,,,,33.34000015258789,,,,,,33.42499923706055,,,,,,33.26340103149414,,,,,,33.35499954223633,,,,,,1016671
2023-07-24,,,,,,30.72393798828125,,,,,,33.42499923706055,,,,,,33.45500183105469,,,,,,33.23569869995117,,,,,,33.244998931884766,,,,,,386199
2023-07-25,,,,,,30.785982131958008,,,,,,33.49250030517578,,,,,,33.59000015258789,,,,,,33.415000915527344,,,,,,33.5099983215332,,,,,,150802
2023-07-26,,,,,,30.72393798828125,,,,,,33.42499923706055,,,,,,33.525001525878906,,,,,,33.20500183105469,,,,,,33.439998626708984,,,,,,29053
2023-07-27,,,,,,30.79747772216797,,,,,,33.505001068115234,,,,,,33.56999969482422,,,,,,33.400001525878906,,,,,,33.435001373291016,,,,,,262362
2023-07-28,,,,,,30.783679962158203,,,,,,33.4900016784668,,,,,,33.599998474121094,,,,,,33.439998626708984,,,,,,33.47999954223633,,,,,,112189
2023-07-31,,,,,,30.81585693359375,,,,,,33.525001525878906,,,,,,33.625,,,,,,33.383201599121094,,,,,,33.4900016784668,,,,,,175982
2023-08-01,,,,,,30.69636344909668,,,,,,33.39500045776367,,,,,,33.59000015258789,,,,,,33.29999923706055,,,,,,33.48500061035156,,,,,,198560
2023-08-02,,,,,,30.282726287841797,,,,,,32.94499969482422,,,,,,33.150001525878906,,,,,,32.75,,,,,,33.099998474121094,,,,,,130239
2023-08-03,,,,,,30.163232803344727,,,,,,32.814998626708984,,,,,,32.84870147705078,,,,,,32.43000030517578,,,,,,32.744998931884766,,,,,,155927
2023-08-04,,,,,,30.324092864990234,,,,,,32.9900016784668,,,,,,33.005001068115234,,,,,,32.650001525878906,,,,,,32.85499954223633,,,,,,89258
2023-08-07,,,,,,30.273534774780273,,,,,,32.935001373291016,,,,,,32.96500015258789,,,,,,32.72650146484375,,,,,,32.89500045776367,,,,,,153812
2023-08-08,,,,,,30.167827606201172,,,,,,32.81999969482422,,,,,,32.93790054321289,,,,,,32.654998779296875,,,,,,32.76499938964844,,,,,,228808
2023-08-09,,,,,,30.40682029724121,,,,,,33.08000183105469,,,,,,33.14500045776367,,,,,,32.95500183105469,,,,,,33.040000915527344,,,,,,31005
2023-08-10,,,,,,30.68257713317871,,,,,,33.380001068115234,,,,,,33.38999938964844,,,,,,33.15999984741211,,,,,,33.15999984741211,,,,,,147669
2023-08-11,,,,,,30.287321090698242,,,,,,32.95000076293945,,,,,,33.22999954223633,,,,,,32.8849983215332,,,,,,33.185001373291016,,,,,,78676
2023-08-14,,,,,,30.22757339477539,,,,,,32.8849983215332,,,,,,32.98500061035156,,,,,,32.7599983215332,,,,,,32.90999984741211,,,,,,94393
2023-08-15,,,,,,29.754192352294922,,,,,,32.369998931884766,,,,,,32.875,,,,,,32.29499816894531,,,,,,32.869998931884766,,,,,,142524
2023-08-16,,,,,,29.630102157592773,,,,,,32.23500061035156,,,,,,32.420501708984375,,,,,,32.162498474121094,,,,,,32.290000915527344,,,,,,109553
2023-08-17,,,,,,29.46464729309082,,,,,,32.05500030517578,,,,,,32.25,,,,,,32.04859924316406,,,,,,32.09000015258789,,,,,,62070
2023-08-18,,,,,,29.294601440429688,,,,,,31.8700008392334,,,,,,31.975000381469727,,,,,,31.652099609375,,,,,,31.905000686645508,,,,,,138077
2023-08-21,,,,,,29.280807495117188,,,,,,31.854999542236328,,,,,,32.11149978637695,,,,,,31.81999969482422,,,,,,31.84000015258789,,,,,,41057
2023-08-22,,,,,,29.335962295532227,,,,,,31.915000915527344,,,,,,32.09000015258789,,,,,,31.850000381469727,,,,,,31.93000030517578,,,,,,236699
2023-08-23,,,,,,29.528993606567383,,,,,,32.125,,,,,,32.24689865112305,,,,,,31.94849967956543,,,,,,31.985000610351562,,,,,,122882
2023-08-24,,,,,,29.597929000854492,,,,,,32.20000076293945,,,,,,32.45000076293945,,,,,,32.17499923706055,,,,,,32.369998931884766,,,,,,301771
2023-08-25,,,,,,29.630102157592773,,,,,,32.23500061035156,,,,,,32.435001373291016,,,,,,32.17499923706055,,,,,,32.290000915527344,,,,,,193937
2023-08-29,,,,,,30.135658264160156,,,,,,32.78499984741211,,,,,,32.80500030517578,,,,,,32.4995002746582,,,,,,32.54499816894531,,,,,,240223
2023-08-30,,,,,,30.15403938293457,,,,,,32.80500030517578,,,,,,32.97999954223633,,,,,,32.782100677490234,,,,,,32.89500045776367,,,,,,266061
2023-08-31,,,,,,30.029949188232422,,,,,,32.66999816894531,,,,,,32.970001220703125,,,,,,32.66999816894531,,,,,,32.79499816894531,,,,,,214587
2023-09-01,,,,,,30.167827606201172,,,,,,32.81999969482422,,,,,,32.974998474121094,,,,,,32.71500015258789,,,,,,32.775001525878906,,,,,,140040
2023-09-04,,,,,,30.091991424560547,,,,,,32.73749923706055,,,,,,33.06589889526367,,,,,,32.724998474121094,,,,,,32.9900016784668,,,,,,137350
2023-09-05,,,,,,30.062124252319336,,,,,,32.70500183105469,,,,,,32.86000061035156,,,,,,32.49103927612305,,,,,,32.53499984741211,,,,,,157569
2023-09-06,,,,,,29.988584518432617,,,,,,32.625,,,,,,32.722900390625,,,,,,32.3849983215332,,,,,,32.494998931884766,,,,,,132916
2023-09-07,,,,,,30.052927017211914,,,,,,32.69499969482422,,,,,,32.77790069580078,,,,,,32.43000030517578,,,,,,32.474998474121094,,,,,,159690
2023-09-08,,,,,,30.2045955657959,,,,,,32.86000061035156,,,,,,32.869998931884766,,,,,,32.53358840942383,,,,,,32.78499984741211,,,,,,61766
2023-09-11,,,,,,30.27813148498535,,,,,,32.939998626708984,,,,,,33.16210174560547,,,,,,32.801998138427734,,,,,,32.959999084472656,,,,,,68041
2023-09-12,,,,,,30.420608520507812,,,,,,33.095001220703125,,,,,,33.16210174560547,,,,,,32.97999954223633,,,,,,33.02000045776367,,,,,,210542
2023-09-13,,,,,,30.393030166625977,,,,,,33.064998626708984,,,,,,33.152099609375,,,,,,32.91999816894531,,,,,,33.08000183105469,,,,,,132703
2023-09-14,,,,,,31.006301879882812,,,,,,33.345001220703125,,,,,,33.40140151977539,,,,,,32.685001373291016,,,,,,32.689998626708984,,,,,,335679
2023-09-15,,,,,,31.15042495727539,,,,,,33.5,,,,,,33.70500183105469,,,,,,33.5,,,,,,33.5,,,,,,506498
2023-09-18,,,,,,30.94120979309082,,,,,,33.275001525878906,,,,,,33.53239822387695,,,,,,33.209999084472656,,,,,,33.505001068115234,,,,,,127649
2023-09-19,,,,,,30.94584846496582,,,,,,33.279998779296875,,,,,,33.380001068115234,,,,,,33.209999084472656,,,,,,33.224998474121094,,,,,,70967
2023-09-20,,,,,,31.22946548461914,,,,,,33.584999084472656,,,,,,33.6349983215332,,,,,,33.36000061035156,,,,,,33.38999938964844,,,,,,180094
2023-09-21,,,,,,31.02489471435547,,,,,,33.3650016784668,,,,,,33.650001525878906,,,,,,33.33000183105469,,,,,,33.36000061035156,,,,,,193162
2023-09-22,,,,,,31.020248413085938,,,,,,33.36000061035156,,,,,,33.599998474121094,,,,,,33.165000915527344,,,,,,33.2400016784668,,,,,,63925
2023-09-25,,,,,,30.843568801879883,,,,,,33.16999816894531,,,,,,33.380001068115234,,,,,,32.95719909667969,,,,,,33.26499938964844,,,,,,154080
2023-09-26,,,,,,30.806377410888672,,,,,,33.130001068115234,,,,,,33.27180099487305,,,,,,33.0,,,,,,33.029998779296875,,,,,,109104
2023-09-27,,,,,,30.704092025756836,,,,,,33.02000045776367,,,,,,33.2400016784668,,,,,,32.935001373291016,,,,,,33.1349983215332,,,,,,86038
2023-09-28,,,,,,30.7645320892334,,,,,,33.084999084472656,,,,,,33.099998474121094,,,,,,32.73500061035156,,,,,,32.994998931884766,,,,,,170027
2023-09-29,,,,,,30.801725387573242,,,,,,33.125,,,,,,33.400001525878906,,,,,,33.1150016784668,,,,,,33.20500183105469,,,,,,279077
2023-10-02,,,,,,30.383289337158203,,,,,,32.67499923706055,,,,,,33.209999084472656,,,,,,32.36000061035156,,,,,,33.17499923706055,,,,,,386133
2023-10-03,,,,,,30.23451042175293,,,,,,32.51499938964844,,,,,,32.845001220703125,,,,,,32.48860168457031,,,,,,32.619998931884766,,,,,,111660
2023-10-04,,,,,,29.98344612121582,,,,,,32.244998931884766,,,,,,32.595001220703125,,,,,,32.13718032836914,,,,,,32.38999938964844,,,,,,171808
2023-10-05,,,,,,30.146169662475586,,,,,,32.41999816894531,,,,,,32.560001373291016,,,,,,32.23270034790039,,,,,,32.290000915527344,,,,,,424771
2023-10-06,,,,,,30.308895111083984,,,,,,32.595001220703125,,,,,,32.6150016784668,,,,,,32.297298431396484,,,,,,32.52000045776367,,,,,,129966
2023-10-09,,,,,,30.311220169067383,,,,,,32.59749984741211,,,,,,32.810001373291016,,,,,,32.525001525878906,,,,,,32.625,,,,,,244043
2023-10-10,,,,,,30.87146759033203,,,,,,33.20000076293945,,,,,,33.23500061035156,,,,,,32.83789825439453,,,,,,32.8650016784668,,,,,,261870
2023-10-11,,,,,,30.83892250061035,,,,,,33.165000915527344,,,,,,33.29100036621094,,,,,,33.10499954223633,,,,,,33.150001525878906,,,,,,114242
2023-10-12,,,,,,30.95050048828125,,,,,,33.28499984741211,,,,,,33.46500015258789,,,,,,33.23889923095703,,,,,,33.334999084472656,,,,,,126425
2023-10-13,,,,,,30.769176483154297,,,,,,33.09000015258789,,,,,,33.32225036621094,,,,,,33.03499984741211,,,,,,33.275001525878906,,,,,,95064
2023-10-16,,,,,,30.880762100219727,,,,,,33.209999084472656,,,,,,33.290000915527344,,,,,,32.99850082397461,,,,,,33.21500015258789,,,,,,182375
2023-10-17,,,,,,31.04813575744629,,,,,,33.38999938964844,,,,,,33.435001373291016,,,,,,33.154998779296875,,,,,,33.154998779296875,,,,,,108607
2023-10-18,,,,,,30.699440002441406,,,,,,33.01499938964844,,,,,,33.428001403808594,,,,,,32.97999954223633,,,,,,33.375,,,,,,160225
2023-10-19,,,,,,30.3879337310791,,,,,,32.68000030517578,,,,,,32.845001220703125,,,,,,32.5984992980957,,,,,,32.845001220703125,,,,,,200575
2023-10-20,,,,,,29.964847564697266,,,,,,32.224998474121094,,,,,,32.6150016784668,,,,,,32.189998626708984,,,,,,32.529998779296875,,,,,,182051
2023-10-23,,,,,,29.862567901611328,,,,,,32.1150016784668,,,,,,32.21500015258789,,,,,,31.95330047607422,,,,,,32.189998626708984,,,,,,185481
2023-10-24,,,,,,29.895109176635742,,,,,,32.150001525878906,,,,,,32.23500061035156,,,,,,31.888500213623047,,,,,,32.08000183105469,,,,,,137346
2023-10-25,,,,,,30.00669288635254,,,,,,32.27000045776367,,,,,,32.33000183105469,,,,,,32.06999969482422,,,,,,32.13999938964844,,,,,,81935
2023-10-26,,,,,,29.764923095703125,,,,,,32.0099983215332,,,,,,32.20000076293945,,,,,,31.959999084472656,,,,,,32.14500045776367,,,,,,150334
2023-10-27,,,,,,29.495267868041992,,,,,,31.719999313354492,,,,,,32.1349983215332,,,,,,31.674999237060547,,,,,,32.005001068115234,,,,,,364866
2023-10-30,,,,,,29.67659568786621,,,,,,31.915000915527344,,,,,,32.04499816894531,,,,,,31.780000686645508,,,,,,31.780000686645508,,,,,,255758
2023-10-31,,,,,,29.644044876098633,,,,,,31.8799991607666,,,,,,32.1150016784668,,,,,,31.825000762939453,,,,,,31.954999923706055,,,,,,123659
2023-11-01,,,,,,29.727733612060547,,,,,,31.969999313354492,,,,,,32.154998779296875,,,,,,31.802249908447266,,,,,,31.975000381469727,,,,,,732954
2023-11-02,,,,,,30.164770126342773,,,,,,32.439998626708984,,,,,,32.529998779296875,,,,,,32.15999984741211,,,,,,32.185001373291016,,,,,,235238
2023-11-03,,,,,,30.011341094970703,,,,,,32.275001525878906,,,,,,32.654998779296875,,,,,,32.21950149536133,,,,,,32.564998626708984,,,,,,241408
2023-11-06,,,,,,30.04388999938965,,,,,,32.310001373291016,,,,,,32.42599868774414,,,,,,32.23500061035156,,,,,,32.345001220703125,,,,,,89439
2023-11-07,,,,,,30.00669288635254,,,,,,32.27000045776367,,,,,,32.35499954223633,,,,,,32.2140007019043,,,,,,32.22999954223633,,,,,,64414
2023-11-08,,,,,,29.974145889282227,,,,,,32.23500061035156,,,,,,32.39500045776367,,,,,,32.14699935913086,,,,,,32.154998779296875,,,,,,88432
2023-11-09,,,,,,30.24380874633789,,,,,,32.525001525878906,,,,,,32.54999923706055,,,,,,32.130001068115234,,,,,,32.29499816894531,,,,,,198716
2023-11-10,,,,,,29.862567901611328,,,,,,32.1150016784668,,,,,,32.349998474121094,,,,,,31.929500579833984,,,,,,32.34000015258789,,,,,,451139
2023-11-13,,,,,,30.10433006286621,,,,,,32.375,,,,,,32.375,,,,,,32.19499969482422,,,,,,32.22999954223633,,,,,,129771
2023-11-14,,,,,,30.15546989440918,,,,,,32.43000030517578,,,,,,32.51499938964844,,,,,,32.209999084472656,,,,,,32.39500045776367,,,,,,244337
2023-11-15,,,,,,30.327495574951172,,,,,,32.6150016784668,,,,,,32.849998474121094,,,,,,32.57500076293945,,,,,,32.654998779296875,,,,,,2890495
2023-11-16,,,,,,30.085731506347656,,,,,,32.35499954223633,,,,,,32.70000076293945,,,,,,32.34149932861328,,,,,,32.6150016784668,,,,,,473305
2023-11-17,,,,,,30.471622467041016,,,,,,32.77000045776367,,,,,,32.779998779296875,,,,,,32.44499969482422,,,,,,32.4900016784668,,,,,,156174
2023-11-20,,,,,,30.43442726135254,,,,,,32.72999954223633,,,,,,32.75149917602539,,,,,,32.599998474121094,,,,,,32.68000030517578,,,,,,326246
2023-11-21,,,,,,30.360044479370117,,,,,,32.650001525878906,,,,,,32.71500015258789,,,,,,32.505001068115234,,,,,,32.67499923706055,,,,,,126303
2023-11-22,,,,,,30.29960060119629,,,,,,32.584999084472656,,,,,,32.775001525878906,,,,,,32.52560043334961,,,,,,32.77000045776367,,,,,,197709
2023-11-23,,,,,,30.401884078979492,,,,,,32.69499969482422,,,,,,32.75,,,,,,32.54999923706055,,,,,,32.65999984741211,,,,,,179940
2023-11-24,,,,,,30.43442726135254,,,,,,32.72999954223633,,,,,,32.744998931884766,,,,,,32.54999923706055,,,,,,32.625,,,,,,187584
2023-11-27,,,,,,30.32052230834961,,,,,,32.60749816894531,,,,,,32.685001373291016,,,,,,32.54999923706055,,,,,,32.665000915527344,,,,,,213715
2023-11-28,,,,,,30.290298461914062,,,,,,32.57500076293945,,,,,,32.595001220703125,,,,,,32.34518814086914,,,,,,32.4900016784668,,,,,,45223
2023-11-29,,,,,,30.164770126342773,,,,,,32.439998626708984,,,,,,32.57500076293945,,,,,,32.369998931884766,,,,,,32.459999084472656,,,,,,200849
2023-11-30,,,,,,30.27170181274414,,,,,,32.55500030517578,,,,,,32.77000045776367,,,,,,32.275001525878906,,,,,,32.474998474121094,,,,,,164843
2023-12-01,,,,,,30.606456756591797,,,,,,32.915000915527344,,,,,,32.95000076293945,,,,,,32.68000030517578,,,,,,32.71500015258789,,,,,,157691
2023-12-04,,,,,,30.508819580078125,,,,,,32.810001373291016,,,,,,32.91999816894531,,,,,,32.67499923706055,,,,,,32.689998626708984,,,,,,190494
2023-12-05,,,,,,30.432104110717773,,,,,,32.727500915527344,,,,,,32.7661018371582,,,,,,32.599998474121094,,,,,,32.6349983215332,,,,,,151604
2023-12-06,,,,,,30.546010971069336,,,,,,32.849998474121094,,,,,,32.96500015258789,,,,,,32.724998474121094,,,,,,32.81999969482422,,,,,,82498
2023-12-07,,,,,,30.54833984375,,,,,,32.852500915527344,,,,,,32.96500015258789,,,,,,32.685001373291016,,,,,,32.75,,,,,,98815
2023-12-08,,,,,,30.694787979125977,,,,,,33.0099983215332,,,,,,33.14500045776367,,,,,,32.82500076293945,,,,,,32.93000030517578,,,,,,229469
2023-12-11,,,,,,30.66224479675293,,,,,,32.974998474121094,,,,,,33.03499984741211,,,,,,32.75,,,,,,32.97999954223633,,,,,,193299
2023-12-12,,,,,,30.666893005371094,,,,,,32.97999954223633,,,,,,33.25,,,,,,32.959999084472656,,,,,,33.04999923706055,,,,,,139407
2023-12-13,,,,,,30.657596588134766,,,,,,32.970001220703125,,,,,,33.147499084472656,,,,,,32.970001220703125,,,,,,32.994998931884766,,,,,,357342
2023-12-14,,,,,,31.08510398864746,,,,,,33.209999084472656,,,,,,33.529998779296875,,,,,,33.039249420166016,,,,,,33.32500076293945,,,,,,375645
2023-12-15,,,,,,30.79026222229004,,,,,,32.89500045776367,,,,,,33.33000183105469,,,,,,32.87480163574219,,,,,,33.26499938964844,,,,,,283544
2023-12-18,,,,,,30.930662155151367,,,,,,33.04499816894531,,,,,,33.130001068115234,,,,,,32.81999969482422,,,,,,32.845001220703125,,,,,,76499
2023-12-19,,,,,,31.028947830200195,,,,,,33.150001525878906,,,,,,33.18000030517578,,,,,,33.0099983215332,,,,,,33.064998626708984,,,,,,150423
2023-12-20,,,,,,31.37059211730957,,,,,,33.51499938964844,,,,,,33.70000076293945,,,,,,33.31999969482422,,,,,,33.52000045776367,,,,,,257602
2023-12-21,,,,,,31.281661987304688,,,,,,33.41999816894531,,,,,,33.51499938964844,,,,,,33.3218994140625,,,,,,33.39500045776367,,,,,,210608
2023-12-22,,,,,,31.32379150390625,,,,,,33.46500015258789,,,,,,33.51499938964844,,,,,,33.279998779296875,,,,,,33.279998779296875,,,,,,95465
2023-12-27,,,,,,31.39867401123047,,,,,,33.54499816894531,,,,,,33.70000076293945,,,,,,33.40999984741211,,,,,,33.42499923706055,,,,,,487833
2023-12-28,,,,,,31.403352737426758,,,,,,33.54999923706055,,,,,,33.744998931884766,,,,,,33.49470138549805,,,,,,33.6349983215332,,,,,,288191
2023-12-29,,,,,,31.44547462463379,,,,,,33.595001220703125,,,,,,33.67499923706055,,,,,,33.52000045776367,,,,,,33.6150016784668,,,,,,53181
2024-01-02,,,,,,31.403352737426758,,,,,,33.54999923706055,,,,,,33.80500030517578,,,,,,33.40650177001953,,,,,,33.525001525878906,,,,,,225785
2024-01-03,,,,,,31.253585815429688,,,,,,33.38999938964844,,,,,,33.65999984741211,,,,,,33.22999954223633,,,,,,33.505001068115234,,,,,,149276
2024-01-04,,,,,,31.38930892944336,,,,,,33.53499984741211,,,,,,33.58000183105469,,,,,,33.36000061035156,,,,,,33.42499923706055,,,,,,90932
2024-01-05,,,,,,31.262950897216797,,,,,,33.400001525878906,,,,,,33.472999572753906,,,,,,33.20500183105469,,,,,,33.345001220703125,,,,,,236230
2024-01-08,,,,,,31.286348342895508,,,,,,33.42499923706055,,,,,,33.42499923706055,,,,,,33.180198669433594,,,,,,33.26499938964844,,,,,,73328
2024-01-09,,,,,,31.244232177734375,,,,,,33.380001068115234,,,,,,33.5265007019043,,,,,,33.36000061035156,,,,,,33.5099983215332,,,,,,122768
2024-01-10,,,,,,31.117868423461914,,,,,,33.244998931884766,,,,,,33.380001068115234,,,,,,33.22999954223633,,,,,,33.34000015258789,,,,,,216568
2024-01-11,,,,,,30.841745376586914,,,,,,32.95000076293945,,,,,,33.45000076293945,,,,,,32.95000076293945,,,,,,33.400001525878906,,,,,,127886
2024-01-12,,,,,,31.010229110717773,,,,,,33.130001068115234,,,,,,33.275001525878906,,,,,,33.060001373291016,,,,,,33.095001220703125,,,,,,237809
2024-01-15,,,,,,30.879182815551758,,,,,,32.9900016784668,,,,,,33.220001220703125,,,,,,32.92599868774414,,,,,,33.064998626708984,,,,,,226576
2024-01-16,,,,,,30.72474479675293,,,,,,32.82500076293945,,,,,,32.935001373291016,,,,,,32.720001220703125,,,,,,32.85499954223633,,,,,,188539
2024-01-17,,,,,,30.298852920532227,,,,,,32.369998931884766,,,,,,32.47999954223633,,,,,,32.17499923706055,,,,,,32.474998474121094,,,,,,382349
2024-01-18,,,,,,30.355012893676758,,,,,,32.43000030517578,,,,,,32.46979904174805,,,,,,32.31999969482422,,,,,,32.33000183105469,,,,,,144328
2024-01-19,,,,,,30.364376068115234,,,,,,32.439998626708984,,,,,,32.685001373291016,,,,,,32.38650131225586,,,,,,32.595001220703125,,,,,,84543
2024-01-22,,,,,,30.462656021118164,,,,,,32.54499816894531,,,,,,32.619998931884766,,,,,,32.415000915527344,,,,,,32.54999923706055,,,,,,164157
2024-01-23,,,,,,30.4486141204834,,,,,,32.529998779296875,,,,,,32.7400016784668,,,,,,32.454200744628906,,,,,,32.685001373291016,,,,,,126025
2024-01-24,,,,,,30.626462936401367,,,,,,32.720001220703125,,,,,,32.78499984741211,,,,,,32.58000183105469,,,,,,32.73500061035156,,,,,,283662
2024-01-25,,,,,,30.635818481445312,,,,,,32.72999954223633,,,,,,32.79349899291992,,,,,,32.619998931884766,,,,,,32.69499969482422,,,,,,262959
2024-01-26,,,,,,31.07106590270996,,,,,,33.19499969482422,,,,,,33.26499938964844,,,,,,32.900001525878906,,,,,,32.900001525878906,,,,,,273679
2024-01-29,,,,,,31.057024002075195,,,,,,33.18000030517578,,,,,,33.31999969482422,,,,,,33.16999816894531,,,,,,33.16999816894531,,,,,,185548
2024-01-30,,,,,,31.20210838317871,,,,,,33.334999084472656,,,,,,33.40999984741211,,,,,,33.209999084472656,,,,,,33.27000045776367,,,,,,268716
2024-01-31,,,,,,31.052345275878906,,,,,,33.17499923706055,,,,,,33.415000915527344,,,,,,33.17499923706055,,,,,,33.334999084472656,,,,,,188248
2024-02-01,,,,,,31.010229110717773,,,,,,33.130001068115234,,,,,,33.35499954223633,,,,,,33.06999969482422,,,,,,33.14500045776367,,,,,,63835
2024-02-02,,,,,,30.972782135009766,,,,,,33.09000015258789,,,,,,33.349998474121094,,,,,,33.06999969482422,,,,,,33.349998474121094,,,,,,478260
2024-02-05,,,,,,30.96342658996582,,,,,,33.08000183105469,,,,,,33.32500076293945,,,,,,33.02000045776367,,,,,,33.16999816894531,,,,,,412848
2024-02-06,,,,,,31.26762580871582,,,,,,33.404998779296875,,,,,,33.435001373291016,,,,,,33.172000885009766,,,,,,33.31999969482422,,,,,,206863
2024-02-07,,,,,,31.042987823486328,,,,,,33.165000915527344,,,,,,33.45500183105469,,,,,,33.13999938964844,,,,,,33.404998779296875,,,,,,105810
2024-02-08,,,,,,30.897899627685547,,,,,,33.0099983215332,,,,,,33.26580047607422,,,,,,32.997501373291016,,,,,,33.20500183105469,,,,,,142548
2024-02-09,,,,,,30.80430030822754,,,,,,32.90999984741211,,,,,,33.064998626708984,,,,,,32.845001220703125,,,,,,33.005001068115234,,,,,,79772
2024-02-12,,,,,,30.82302474975586,,,,,,32.93000030517578,,,,,,32.994998931884766,,,,,,32.83100128173828,,,,,,32.939998626708984,,,,,,103525
2024-02-13,,,,,,30.556255340576172,,,,,,32.64500045776367,,,,,,32.97999954223633,,,,,,32.560001373291016,,,,,,32.904998779296875,,,,,,247510
2024-02-14,,,,,,30.77622413635254,,,,,,32.880001068115234,,,,,,32.98500061035156,,,,,,32.72999954223633,,,,,,32.79499816894531,,,,,,139810
2024-02-15,,,,,,30.95874786376953,,,,,,33.07500076293945,,,,,,33.145301818847656,,,,,,32.915000915527344,,,,,,33.05500030517578,,,,,,150045
2024-02-16,,,,,,31.473554611206055,,,,,,33.625,,,,,,33.65700149536133,,,,,,33.244998931884766,,,,,,33.26499938964844,,,,,,628071
2024-02-19,,,,,,31.543758392333984,,,,,,33.70000076293945,,,,,,33.71500015258789,,,,,,33.54499816894531,,,,,,33.54499816894531,,,,,,232814
2024-02-20,,,,,,31.482908248901367,,,,,,33.6349983215332,,,,,,33.78350067138672,,,,,,33.595001220703125,,,,,,33.599998474121094,,,,,,81655
2024-02-21,,,,,,31.244232177734375,,,,,,33.380001068115234,,,,,,33.54999923706055,,,,,,33.29499816894531,,,,,,33.525001525878906,,,,,,137284
2024-02-22,,,,,,31.37994956970215,,,,,,33.525001525878906,,,,,,33.650001525878906,,,,,,33.31999969482422,,,,,,33.595001220703125,,,,,,151556
2024-02-23,,,,,,31.473554611206055,,,,,,33.625,,,,,,33.673500061035156,,,,,,33.474998474121094,,,,,,33.61000061035156,,,,,,171039
2024-02-26,,,,,,31.38930892944336,,,,,,33.53499984741211,,,,,,33.63999938964844,,,,,,33.4900016784668,,,,,,33.57500076293945,,,,,,243776
2024-02-27,,,,,,31.37994956970215,,,,,,33.525001525878906,,,,,,33.584999084472656,,,,,,33.470001220703125,,,,,,33.53499984741211,,,,,,85829
2024-02-28,,,,,,31.127225875854492,,,,,,33.255001068115234,,,,,,33.4900016784668,,,,,,33.22999954223633,,,,,,33.45500183105469,,,,,,242195
2024-02-29,,,,,,31.192750930786133,,,,,,33.32500076293945,,,,,,33.513999938964844,,,,,,33.31100082397461,,,,,,33.34000015258789,,,,,,321574
2024-03-01,,,,,,31.4127140045166,,,,,,33.560001373291016,,,,,,33.60499954223633,,,,,,33.375,,,,,,33.4900016784668,,,,,,290965
2024-03-04,,,,,,31.2208309173584,,,,,,33.35499954223633,,,,,,33.54499816894531,,,,,,33.279998779296875,,,,,,33.52000045776367,,,,,,226301
2024-03-05,,,,,,31.24890899658203,,,,,,33.3849983215332,,,,,,33.42499923706055,,,,,,33.17150115966797,,,,,,33.224998474121094,,,,,,315707
2024-03-06,,,,,,31.37059211730957,,,,,,33.51499938964844,,,,,,33.630001068115234,,,,,,33.35499954223633,,,,,,33.375,,,,,,430204
2024-03-07,,,,,,31.567157745361328,,,,,,33.724998474121094,,,,,,33.79499816894531,,,,,,33.505001068115234,,,,,,33.564998626708984,,,,,,146495
2024-03-08,,,,,,31.4267578125,,,,,,33.57500076293945,,,,,,33.7400016784668,,,,,,33.5,,,,,,33.7400016784668,,,,,,164215
2024-03-11,,,,,,31.45015525817871,,,,,,33.599998474121094,,,,,,33.60499954223633,,,,,,33.3650016784668,,,,,,33.459999084472656,,,,,,222668
2024-03-12,,,,,,31.782442092895508,,,,,,33.95500183105469,,,,,,34.029998779296875,,,,,,33.82500076293945,,,,,,33.869998931884766,,,,,,205307
2024-03-13,,,,,,31.90412139892578,,,,,,34.084999084472656,,,,,,34.12799835205078,,,,,,33.90999984741211,,,,,,34.01499938964844,,,,,,159723
2024-03-14,,,,,,31.590557098388672,,,,,,33.75,,,,,,33.93000030517578,,,,,,33.630001068115234,,,,,,33.744998931884766,,,,,,132289
2024-03-15,,,,,,31.721784591674805,,,,,,33.66999816894531,,,,,,33.834999084472656,,,,,,33.66999816894531,,,,,,33.76499938964844,,,,,,130815
2024-03-18,,,,,,31.702945709228516,,,,,,33.650001525878906,,,,,,33.77669906616211,,,,,,33.6150016784668,,,,,,33.685001373291016,,,,,,42565
2024-03-19,,,,,,31.76182746887207,,,,,,33.712501525878906,,,,,,33.720001220703125,,,,,,33.54650115966797,,,,,,33.67499923706055,,,,,,162860
2024-03-20,,,,,,31.7783145904541,,,,,,33.72999954223633,,,,,,33.77000045776367,,,,,,33.611000061035156,,,,,,33.69499969482422,,,,,,146499
2024-03-21,,,,,,32.36715316772461,,,,,,34.35499954223633,,,,,,34.45750045776367,,,,,,34.01499938964844,,,,,,34.01499938964844,,,,,,1192979
2024-03-22,,,,,,32.593265533447266,,,,,,34.595001220703125,,,,,,34.724998474121094,,,,,,34.39500045776367,,,,,,34.43000030517578,,,,,,769099
2024-03-25,,,,,,32.5367431640625,,,,,,34.53499984741211,,,,,,34.63999938964844,,,,,,34.400001525878906,,,,,,34.560001373291016,,,,,,125893
2024-03-26,,,,,,32.60268783569336,,,,,,34.60499954223633,,,,,,34.60499954223633,,,,,,34.40999984741211,,,,,,34.42499923706055,,,,,,661712
2024-03-27,,,,,,32.62152862548828,,,,,,34.625,,,,,,34.6349983215332,,,,,,34.43299865722656,,,,,,34.59000015258789,,,,,,386831
2024-03-28,,,,,,32.696903228759766,,,,,,34.70500183105469,,,,,,34.810001373291016,,,,,,34.619998931884766,,,,,,34.75,,,,,,1365977
2024-04-02,,,,,,32.66392135620117,,,,,,34.66999816894531,,,,,,35.0,,,,,,34.59299850463867,,,,,,34.845001220703125,,,,,,358146
2024-04-03,,,,,,32.62623977661133,,,,,,34.630001068115234,,,,,,34.63999938964844,,,,,,34.400001525878906,,,,,,34.5,,,,,,195964
2024-04-04,,,,,,32.800533294677734,,,,,,34.814998626708984,,,,,,34.88850021362305,,,,,,34.650001525878906,,,,,,34.69499969482422,,,,,,84002
2024-04-05,,,,,,32.53202438354492,,,,,,34.529998779296875,,,,,,34.560001373291016,,,,,,34.43000030517578,,,,,,34.45000076293945,,,,,,123399
2024-04-08,,,,,,32.654502868652344,,,,,,34.65999984741211,,,,,,34.71500015258789,,,,,,34.45000076293945,,,,,,34.540000915527344,,,,,,180498
2024-04-09,,,,,,32.62623977661133,,,,,,34.630001068115234,,,,,,34.757999420166016,,,,,,34.55500030517578,,,,,,34.625,,,,,,122295
2024-04-10,,,,,,32.725162506103516,,,,,,34.73500061035156,,,,,,34.92499923706055,,,,,,34.55500030517578,,,,,,34.82500076293945,,,,,,352080
2024-04-11,,,,,,32.635658264160156,,,,,,34.63999938964844,,,,,,34.855899810791016,,,,,,34.483001708984375,,,,,,34.724998474121094,,,,,,185835
2024-04-12,,,,,,32.92771911621094,,,,,,34.95000076293945,,,,,,35.16999816894531,,,,,,34.83000183105469,,,,,,34.83000183105469,,,,,,310376
2024-04-15,,,,,,32.79582595825195,,,,,,34.810001373291016,,,,,,35.02299880981445,,,,,,34.755001068115234,,,,,,34.83000183105469,,,,,,155829
2024-04-16,,,,,,32.225833892822266,,,,,,34.20500183105469,,,,,,34.42499923706055,,,,,,34.07500076293945,,,,,,34.33000183105469,,,,,,570261
2024-04-17,,,,,,32.320045471191406,,,,,,34.30500030517578,,,,,,34.49909973144531,,,,,,34.08000183105469,,,,,,34.10499954223633,,,,,,162049
2024-04-18,,,,,,32.4566535949707,,,,,,34.45000076293945,,,,,,34.551998138427734,,,,,,34.314998626708984,,,,,,34.470001220703125,,,,,,225854
2024-04-19,,,,,,32.5367431640625,,,,,,34.53499984741211,,,,,,34.561798095703125,,,,,,34.17499923706055,,,,,,34.275001525878906,,,,,,198869
2024-04-22,,,,,,33.064334869384766,,,,,,35.095001220703125,,,,,,35.18259811401367,,,,,,34.84148025512695,,,,,,34.900001525878906,,,,,,243601
2024-04-23,,,,,,33.14912414550781,,,,,,35.185001373291016,,,,,,35.335201263427734,,,,,,35.08000183105469,,,,,,35.22999954223633,,,,,,160357
2024-04-24,,,,,,33.13499450683594,,,,,,35.16999816894531,,,,,,35.400001525878906,,,,,,35.119998931884766,,,,,,35.34000015258789,,,,,,130533
2024-04-25,,,,,,33.314002990722656,,,,,,35.36000061035156,,,,,,35.470001220703125,,,,,,35.165000915527344,,,,,,35.400001525878906,,,,,,100957
2024-04-26,,,,,,33.56366729736328,,,,,,35.625,,,,,,35.64500045776367,,,,,,35.45180130004883,,,,,,35.57500076293945,,,,,,96896
2024-04-29,,,,,,33.60135269165039,,,,,,35.665000915527344,,,,,,35.89500045776367,,,,,,35.64500045776367,,,,,,35.80500030517578,,,,,,108138
2024-04-30,,,,,,33.54011535644531,,,,,,35.599998474121094,,,,,,35.900001525878906,,,,,,35.599998474121094,,,,,,35.665000915527344,,,,,,149919
2024-05-01,,,,,,33.464744567871094,,,,,,35.52000045776367,,,,,,35.810001373291016,,,,,,35.4900016784668,,,,,,35.810001373291016,,,,,,43783
2024-05-02,,,,,,33.752098083496094,,,,,,35.82500076293945,,,,,,35.86000061035156,,,,,,35.6349983215332,,,,,,35.685001373291016,,,,,,58558
2024-05-03,,,,,,33.916969299316406,,,,,,36.0,,,,,,36.09000015258789,,,,,,35.880001068115234,,,,,,35.91999816894531,,,,,,116627
2024-05-07,,,,,,34.32209014892578,,,,,,36.43000030517578,,,,,,36.540000915527344,,,,,,36.279998779296875,,,,,,36.39500045776367,,,,,,252007
2024-05-08,,,,,,34.486961364746094,,,,,,36.60499954223633,,,,,,36.66999816894531,,,,,,36.497398376464844,,,,,,36.56999969482422,,,,,,217683
2024-05-09,,,,,,34.6377067565918,,,,,,36.76499938964844,,,,,,36.845001220703125,,,,,,36.584999084472656,,,,,,36.60499954223633,,,,,,179056
2024-05-10,,,,,,34.840267181396484,,,,,,36.97999954223633,,,,,,37.08000183105469,,,,,,36.834999084472656,,,,,,36.875,,,,,,224799
2024-05-13,,,,,,34.74134063720703,,,,,,36.875,,,,,,37.04499816894531,,,,,,36.85490036010742,,,,,,36.994998931884766,,,,,,206505
2024-05-14,,,,,,34.802574157714844,,,,,,36.939998626708984,,,,,,37.04499816894531,,,,,,36.845001220703125,,,,,,36.86000061035156,,,,,,90470
2024-05-15,,,,,,34.88266372680664,,,,,,37.025001525878906,,,,,,37.19499969482422,,,,,,36.96500015258789,,,,,,37.099998474121094,,,,,,103618
2024-05-16,,,,,,34.97687530517578,,,,,,37.125,,,,,,37.185001373291016,,,,,,36.935001373291016,,,,,,37.11000061035156,,,,,,643003
2024-05-17,,,,,,34.88737106323242,,,,,,37.029998779296875,,,,,,37.154998779296875,,,,,,36.93574905395508,,,,,,37.10499954223633,,,,,,161776
2024-05-20,,,,,,34.910919189453125,,,,,,37.05500030517578,,,,,,37.17499923706055,,,,,,37.025001525878906,,,,,,37.025001525878906,,,,,,108782
2024-05-21,,,,,,34.87794876098633,,,,,,37.02000045776367,,,,,,37.04499816894531,,,,,,36.834999084472656,,,,,,36.904998779296875,,,,,,181305
2024-05-22,,,,,,34.684810638427734,,,,,,36.814998626708984,,,,,,36.939998626708984,,,,,,36.68000030517578,,,,,,36.81999969482422,,,,,,336581
2024-05-23,,,,,,34.543487548828125,,,,,,36.665000915527344,,,,,,36.85499954223633,,,,,,36.625,,,,,,36.810001373291016,,,,,,254627
2024-05-24,,,,,,34.449275970458984,,,,,,36.564998626708984,,,,,,36.63999938964844,,,,,,36.29999923706055,,,,,,36.380001068115234,,,,,,74452
2024-05-28,,,,,,34.18547821044922,,,,,,36.28499984741211,,,,,,36.755001068115234,,,,,,36.244998931884766,,,,,,36.51499938964844,,,,,,260872
2024-05-29,,,,,,33.898128509521484,,,,,,35.97999954223633,,,,,,36.310001373291016,,,,,,35.95000076293945,,,,,,36.2400016784668,,,,,,205271
2024-05-30,,,,,,34.11481475830078,,,,,,36.209999084472656,,,,,,36.22999954223633,,,,,,35.79999923706055,,,,,,35.834999084472656,,,,,,205155
2024-05-31,,,,,,34.307952880859375,,,,,,36.415000915527344,,,,,,36.45800018310547,,,,,,36.20500183105469,,,,,,36.244998931884766,,,,,,455430
2024-06-03,,,,,,34.251426696777344,,,,,,36.35499954223633,,,,,,36.79999923706055,,,,,,36.34000015258789,,,,,,36.775001525878906,,,,,,233234
2024-06-04,,,,,,34.110111236572266,,,,,,36.20500183105469,,,,,,36.342498779296875,,,,,,36.060001373291016,,,,,,36.26499938964844,,,,,,92167
2024-06-05,,,,,,34.199607849121094,,,,,,36.29999923706055,,,,,,36.404998779296875,,,,,,36.209999084472656,,,,,,36.3849983215332,,,,,,772488
2024-06-06,,,,,,34.39274978637695,,,,,,36.505001068115234,,,,,,36.54999923706055,,,,,,36.33000183105469,,,,,,36.46500015258789,,,,,,270788
2024-06-07,,,,,,34.20903015136719,,,,,,36.310001373291016,,,,,,36.54999923706055,,,,,,36.180538177490234,,,,,,36.52000045776367,,,,,,197784
2024-06-10,,,,,,34.1572151184082,,,,,,36.255001068115234,,,,,,36.255001068115234,,,,,,36.01499938964844,,,,,,36.029998779296875,,,,,,194839
2024-06-11,,,,,,33.818050384521484,,,,,,35.89500045776367,,,,,,36.41999816894531,,,,,,35.74974822998047,,,,,,36.369998931884766,,,,,,224687
2024-06-12,,,,,,34.11481475830078,,,,,,36.209999084472656,,,,,,36.28419876098633,,,,,,36.025001525878906,,,,,,36.11000061035156,,,,,,444847
2024-06-13,,,,,,33.902992248535156,,,,,,35.43000030517578,,,,,,35.650001525878906,,,,,,35.345001220703125,,,,,,35.57500076293945,,,,,,124641
2024-06-14,,,,,,33.816871643066406,,,,,,35.34000015258789,,,,,,35.505001068115234,,,,,,35.189998626708984,,,,,,35.474998474121094,,,,,,42838
2024-06-17,,,,,,33.79295349121094,,,,,,35.314998626708984,,,,,,35.525001525878906,,,,,,35.20500183105469,,,,,,35.459999084472656,,,,,,452240
2024-06-18,,,,,,33.99868392944336,,,,,,35.529998779296875,,,,,,35.560001373291016,,,,,,35.375,,,,,,35.43000030517578,,,,,,117958
2024-06-19,,,,,,34.046531677246094,,,,,,35.58000183105469,,,,,,35.619998931884766,,,,,,35.409969329833984,,,,,,35.439998626708984,,,,,,271905
2024-06-20,,,,,,34.36709213256836,,,,,,35.915000915527344,,,,,,35.915000915527344,,,,,,35.566688537597656,,,,,,35.599998474121094,,,,,,478949
2024-06-21,,,,,,34.2139892578125,,,,,,35.755001068115234,,,,,,35.93000030517578,,,,,,35.54499816894531,,,,,,35.85499954223633,,,,,,379023
2024-06-24,,,,,,34.4340705871582,,,,,,35.98500061035156,,,,,,36.07500076293945,,,,,,35.67499923706055,,,,,,35.7400016784668,,,,,,381121
2024-06-25,,,,,,34.27618408203125,,,,,,35.81999969482422,,,,,,36.22999954223633,,,,,,35.72999954223633,,,,,,36.005001068115234,,,,,,184340
2024-06-26,,,,,,34.18049621582031,,,,,,35.720001220703125,,,,,,36.04484939575195,,,,,,35.619998931884766,,,,,,35.970001220703125,,,,,,271222
2024-06-27,,,,,,34.02260971069336,,,,,,35.55500030517578,,,,,,35.7599983215332,,,,,,35.55015182495117,,,,,,35.720001220703125,,,,,,584273
2024-06-28,,,,,,33.950836181640625,,,,,,35.47999954223633,,,,,,35.79499816894531,,,,,,35.45000076293945,,,,,,35.70500183105469,,,,,,216517
2024-07-01,,,,,,33.94605255126953,,,,,,35.474998474121094,,,,,,35.755001068115234,,,,,,35.474998474121094,,,,,,35.68000030517578,,,,,,405865
2024-07-02,,,,,,33.75467300415039,,,,,,35.275001525878906,,,,,,35.46500015258789,,,,,,35.220001220703125,,,,,,35.3650016784668,,,,,,189659
2024-07-03,,,,,,33.97954559326172,,,,,,35.5099983215332,,,,,,35.53120040893555,,,,,,35.404998779296875,,,,,,35.51499938964844,,,,,,223305
2024-07-04,,,,,,34.27618408203125,,,,,,35.81999969482422,,,,,,35.88999938964844,,,,,,35.6349983215332,,,,,,35.65999984741211,,,,,,170739
2024-07-05,,,,,,34.099159240722656,,,,,,35.6349983215332,,,,,,35.9900016784668,,,,,,35.54499816894531,,,,,,35.93000030517578,,,,,,214271
2024-07-08,,,,,,34.07044982910156,,,,,,35.60499954223633,,,,,,35.76985168457031,,,,,,35.51539993286133,,,,,,35.540000915527344,,,,,,179992
2024-07-09,,,,,,33.82166290283203,,,,,,35.345001220703125,,,,,,35.70650100708008,,,,,,35.31776809692383,,,,,,35.6349983215332,,,,,,448881
2024-07-10,,,,,,34.05609893798828,,,,,,35.59000015258789,,,,,,35.595001220703125,,,,,,35.415130615234375,,,,,,35.41999816894531,,,,,,389913
2024-07-11,,,,,,34.16135787963867,,,,,,35.70000076293945,,,,,,35.7400016784668,,,,,,35.56999969482422,,,,,,35.66999816894531,,,,,,217369
2024-07-12,,,,,,34.300106048583984,,,,,,35.845001220703125,,,,,,35.95500183105469,,,,,,35.74020004272461,,,,,,35.90999984741211,,,,,,184340
2024-07-15,,,,,,33.97954559326172,,,,,,35.5099983215332,,,,,,35.825199127197266,,,,,,35.4900016784668,,,,,,35.650001525878906,,,,,,466782
2024-07-16,,,,,,33.9173469543457,,,,,,35.44499969482422,,,,,,35.525001525878906,,,,,,35.27669906616211,,,,,,35.375,,,,,,210940
2024-07-17,,,,,,34.02260971069336,,,,,,35.55500030517578,,,,,,35.619998931884766,,,,,,35.307090759277344,,,,,,35.404998779296875,,,,,,403665
2024-07-18,,,,,,34.07523727416992,,,,,,35.61000061035156,,,,,,35.900001525878906,,,,,,35.61000061035156,,,,,,35.80500030517578,,,,,,153329
2024-07-19,,,,,,33.859928131103516,,,,,,35.3849983215332,,,,,,35.515281677246094,,,,,,35.301998138427734,,,,,,35.40999984741211,,,,,,115096
2024-07-22,,,,,,34.07044982910156,,,,,,35.60499954223633,,,,,,35.77021026611328,,,,,,35.52000045776367,,,,,,35.61000061035156,,,,,,135691
2024-07-23,,,,,,33.931697845458984,,,,,,35.459999084472656,,,,,,35.72999954223633,,,,,,35.38999938964844,,,,,,35.529998779296875,,,,,,389672
2024-07-24,,,,,,33.87907028198242,,,,,,35.404998779296875,,,,,,35.474998474121094,,,,,,35.20000076293945,,,,,,35.27000045776367,,,,,,189013
2024-07-25,,,,,,34.02738952636719,,,,,,35.560001373291016,,,,,,35.560001373291016,,,,,,34.981998443603516,,,,,,35.209999084472656,,,,,,191220
2024-07-26,,,,,,34.448429107666016,,,,,,36.0,,,,,,36.0099983215332,,,,,,35.64030075073242,,,,,,35.685001373291016,,,,,,325162
2024-07-29,,,,,,34.467567443847656,,,,,,36.02000045776367,,,,,,36.35499954223633,,,,,,36.02000045776367,,,,,,36.16999816894531,,,,,,154607
2024-07-30,,,,,,34.37665939331055,,,,,,35.92499923706055,,,,,,36.04499816894531,,,,,,35.76430130004883,,,,,,35.97999954223633,,,,,,203445
2024-07-31,,,,,,34.773773193359375,,,,,,36.34000015258789,,,,,,36.4833984375,,,,,,36.220001220703125,,,,,,36.290000915527344,,,,,,220776
2024-08-01,,,,,,34.43885803222656,,,,,,35.9900016784668,,,,,,36.525001525878906,,,,,,35.93000030517578,,,,,,36.38999938964844,,,,,,347851
2024-08-02,,,,,,33.948448181152344,,,,,,35.477500915527344,,,,,,35.98500061035156,,,,,,35.45000076293945,,,,,,35.775001525878906,,,,,,271326
2024-08-05,,,,,,33.31928634643555,,,,,,34.81999969482422,,,,,,34.970001220703125,,,,,,34.41999816894531,,,,,,34.90999984741211,,,,,,616451
2024-08-06,,,,,,33.36235046386719,,,,,,34.8650016784668,,,,,,38.0,,,,,,34.57500076293945,,,,,,35.099998474121094,,,,,,363879
2024-08-07,,,,,,33.96758270263672,,,,,,35.497501373291016,,,,,,35.55485153198242,,,,,,35.045101165771484,,,,,,35.099998474121094,,,,,,252434
2024-08-08,,,,,,33.96519088745117,,,,,,35.494998931884766,,,,,,35.54010009765625,,,,,,35.095001220703125,,,,,,35.34000015258789,,,,,,202512
2024-08-09,,,,,,34.06566619873047,,,,,,35.599998474121094,,,,,,35.755001068115234,,,,,,35.48738098144531,,,,,,35.52000045776367,,,,,,172733
2024-08-12,,,,,,34.22355651855469,,,,,,35.76499938964844,,,,,,35.849998474121094,,,,,,35.654998779296875,,,,,,35.7400016784668,,,,,,425643
2024-08-13,,,,,,34.304893493652344,,,,,,35.849998474121094,,,,,,35.94499969482422,,,,,,35.653499603271484,,,,,,35.880001068115234,,,,,,291890
2024-08-14,,,,,,34.51062774658203,,,,,,36.064998626708984,,,,,,36.1150016784668,,,,,,35.900001525878906,,,,,,36.04999923706055,,,,,,138772
2024-08-15,,,,,,34.898170471191406,,,,,,36.470001220703125,,,,,,36.54999923706055,,,,,,36.14514923095703,,,,,,36.22999954223633,,,,,,352723
2024-08-16,,,,,,34.72114181518555,,,,,,36.28499984741211,,,,,,36.47999954223633,,,,,,36.20000076293945,,,,,,36.474998474121094,,,,,,200037
2024-08-19,,,,,,34.94123077392578,,,,,,36.51499938964844,,,,,,36.57500076293945,,,,,,36.16999816894531,,,,,,36.17499923706055,,,,,,118059
2024-08-20,,,,,,34.57282638549805,,,,,,36.130001068115234,,,,,,36.470001220703125,,,,,,36.11000061035156,,,,,,36.42499923706055,,,,,,265322
2024-08-21,,,,,,34.60631561279297,,,,,,36.165000915527344,,,,,,36.220001220703125,,,,,,36.08000183105469,,,,,,36.17499923706055,,,,,,86898
2024-08-22,,,,,,34.59674072265625,,,,,,36.154998779296875,,,,,,36.33000183105469,,,,,,36.14500045776367,,,,,,36.220001220703125,,,,,,3847806
2024-08-23,,,,,,34.80726623535156,,,,,,36.375,,,,,,36.400001525878906,,,,,,36.2400016784668,,,,,,36.30500030517578,,,,,,143478
2024-08-27,,,,,,34.87903594970703,,,,,,36.45000076293945,,,,,,36.694801330566406,,,,,,36.38930130004883,,,,,,36.53499984741211,,,,,,314639
2024-08-28,,,,,,34.85989761352539,,,,,,36.43000030517578,,,,,,36.55500030517578,,,,,,36.349998474121094,,,,,,36.54499816894531,,,,,,474378
2024-08-29,,,,,,35.06562805175781,,,,,,36.64500045776367,,,,,,36.65999984741211,,,,,,36.435001373291016,,,,,,36.47999954223633,,,,,,95228
2024-08-30,,,,,,35.04648971557617,,,,,,36.625,,,,,,36.79999923706055,,,,,,36.58100128173828,,,,,,36.7599983215332,,,,,,195455
2024-09-02,,,,,,34.984291076660156,,,,,,36.560001373291016,,,,,,36.66999816894531,,,,,,36.525001525878906,,,,,,36.66999816894531,,,,,,140278
2024-09-03,,,,,,34.71636199951172,,,,,,36.279998779296875,,,,,,36.67499923706055,,,,,,36.22119903564453,,,,,,36.599998474121094,,,,,,107820
2024-09-04,,,,,,34.58717727661133,,,,,,36.14500045776367,,,,,,36.20000076293945,,,,,,35.89500045776367,,,,,,35.89500045776367,,,,,,134343
2024-09-05,,,,,,34.53694152832031,,,,,,36.092498779296875,,,,,,36.23500061035156,,,,,,36.03499984741211,,,,,,36.040000915527344,,,,,,101422
2024-09-06,,,,,,34.24269104003906,,,,,,35.78499984741211,,,,,,36.130001068115234,,,,,,35.72999954223633,,,,,,35.94499969482422,,,,,,194589
2024-09-09,,,,,,34.60631561279297,,,,,,36.165000915527344,,,,,,36.19499969482422,,,,,,35.939998626708984,,,,,,35.9900016784668,,,,,,195201
2024-09-10,,,,,,34.338382720947266,,,,,,35.8849983215332,,,,,,36.10499954223633,,,,,,35.84000015258789,,,,,,35.92499923706055,,,,,,172366
2024-09-11,,,,,,34.304893493652344,,,,,,35.849998474121094,,,,,,36.0099983215332,,,,,,35.73500061035156,,,,,,35.95000076293945,,,,,,229270
2024-09-12,,,,,,34.539669036865234,,,,,,35.755001068115234,,,,,,36.005001068115234,,,,,,35.605751037597656,,,,,,35.915000915527344,,,,,,3225182
2024-09-13,,,,,,34.66524887084961,,,,,,35.8849983215332,,,,,,35.935001373291016,,,,,,35.69499969482422,,,,,,35.77000045776367,,,,,,346691
2024-09-16,,,,,,34.670074462890625,,,,,,35.88999938964844,,,,,,35.939998626708984,,,,,,35.76499938964844,,,,,,35.79999923706055,,,,,,144989
2024-09-17,,,,,,34.810150146484375,,,,,,36.03499984741211,,,,,,36.20500183105469,,,,,,35.9739990234375,,,,,,36.16999816894531,,,,,,351335
2024-09-18,,,,,,34.56381607055664,,,,,,35.779998779296875,,,,,,36.00740051269531,,,,,,35.744998931884766,,,,,,35.9900016784668,,,,,,315551
2024-09-19,,,,,,34.921241760253906,,,,,,36.150001525878906,,,,,,36.29499816894531,,,,,,35.98350143432617,,,,,,36.119998931884766,,,,,,1600587
2024-09-20,,,,,,34.51068878173828,,,,,,35.724998474121094,,,,,,36.02000045776367,,,,,,35.689998626708984,,,,,,35.939998626708984,,,,,,861877
2024-09-23,,,,,,34.6072883605957,,,,,,35.82500076293945,,,,,,35.865501403808594,,,,,,35.6349983215332,,,,,,35.71500015258789,,,,,,358249
2024-09-24,,,,,,34.71837615966797,,,,,,35.939998626708984,,,,,,36.084999084472656,,,,,,35.849998474121094,,,,,,36.05500030517578,,,,,,121478
2024-09-25,,,,,,34.67491149902344,,,,,,35.89500045776367,,,,,,36.08000183105469,,,,,,35.762081146240234,,,,,,35.78499984741211,,,,,,354897
2024-09-26,,,,,,34.7521858215332,,,,,,35.974998474121094,,,,,,36.18000030517578,,,,,,35.869998931884766,,,,,,36.150001525878906,,,,,,519609
2024-09-27,,,,,,34.897090911865234,,,,,,36.125,,,,,,36.19499969482422,,,,,,35.974998474121094,,,,,,36.0099983215332,,,,,,396353
2024-09-30,,,,,,34.55898666381836,,,,,,35.775001525878906,,,,,,36.13999938964844,,,,,,35.76089859008789,,,,,,36.01499938964844,,,,,,443119
2024-10-01,,,,,,34.70388412475586,,,,,,35.92499923706055,,,,,,36.01210021972656,,,,,,35.720001220703125,,,,,,35.80500030517578,,,,,,278622
2024-10-02,,,,,,34.7859992980957,,,,,,36.0099983215332,,,,,,36.14500045776367,,,,,,35.900001525878906,,,,,,36.040000915527344,,,,,,205812
2024-10-03,,,,,,34.7618522644043,,,,,,35.98500061035156,,,,,,36.19301986694336,,,,,,35.880001068115234,,,,,,36.095001220703125,,,,,,452151
2024-10-04,,,,,,34.757015228271484,,,,,,35.97999954223633,,,,,,36.05500030517578,,,,,,35.67499923706055,,,,,,35.880001068115234,,,,,,372627
2024-10-07,,,,,,34.83912658691406,,,,,,36.064998626708984,,,,,,36.154998779296875,,,,,,35.8650016784668,,,,,,36.06999969482422,,,,,,284579
2024-10-08,,,,,,34.35612487792969,,,,,,35.564998626708984,,,,,,35.790000915527344,,,,,,35.55500030517578,,,,,,35.779998779296875,,,,,,510873
2024-10-09,,,,,,34.597625732421875,,,,,,35.814998626708984,,,,,,35.814998626708984,,,,,,35.585601806640625,,,,,,35.654998779296875,,,,,,505536
2024-10-10,,,,,,34.57347869873047,,,,,,35.790000915527344,,,,,,35.95500183105469,,,,,,35.71424865722656,,,,,,35.875,,,,,,193068
2024-10-11,,,,,,34.64592742919922,,,,,,35.8650016784668,,,,,,35.915000915527344,,,,,,35.68000030517578,,,,,,35.78499984741211,,,,,,260290
2024-10-14,,,,,,34.80048751831055,,,,,,36.025001525878906,,,,,,36.025001525878906,,,,,,35.779998779296875,,,,,,35.79999923706055,,,,,,353184
2024-10-15,,,,,,34.63143539428711,,,,,,35.849998474121094,,,,,,36.064998626708984,,,,,,35.80500030517578,,,,,,36.029998779296875,,,,,,383654
2024-10-16,,,,,,34.94055938720703,,,,,,36.16999816894531,,,,,,36.2515983581543,,,,,,35.053260803222656,,,,,,36.029998779296875,,,,,,617499
2024-10-17,,,,,,35.18206024169922,,,,,,36.41999816894531,,,,,,36.470001220703125,,,,,,36.154998779296875,,,,,,36.189998626708984,,,,,,265467
2024-10-18,,,,,,35.0854606628418,,,,,,36.31999969482422,,,,,,36.39500045776367,,,,,,36.119998931884766,,,,,,36.275001525878906,,,,,,229446
2024-10-21,,,,,,34.901920318603516,,,,,,36.130001068115234,,,,,,36.45000076293945,,,,,,36.130001068115234,,,,,,36.29499816894531,,,,,,347538
2024-10-22,,,,,,34.85362243652344,,,,,,36.08000183105469,,,,,,36.1150016784668,,,,,,35.835201263427734,,,,,,36.05500030517578,,,,,,358977
2024-10-23,,,,,,34.636268615722656,,,,,,35.85499954223633,,,,,,36.13999938964844,,,,,,35.83000183105469,,,,,,36.029998779296875,,,,,,299742
2024-10-24,,,,,,34.67491149902344,,,,,,35.89500045776367,,,,,,36.20500183105469,,,,,,35.89500045776367,,,,,,35.959999084472656,,,,,,540913
2024-10-25,,,,,,34.612117767333984,,,,,,35.83000183105469,,,,,,35.959999084472656,,,,,,35.8025016784668,,,,,,35.904998779296875,,,,,,261469
2024-10-28,,,,,,34.757015228271484,,,,,,35.97999954223633,,,,,,36.014251708984375,,,,,,35.6349983215332,,,,,,35.869998931884766,,,,,,576317
2024-10-29,,,,,,34.47687911987305,,,,,,35.689998626708984,,,,,,36.165000915527344,,,,,,35.66299057006836,,,,,,36.1150016784668,,,,,,272480
2024-10-30,,,,,,34.235374450683594,,,,,,35.439998626708984,,,,,,35.6349983215332,,,,,,35.400001525878906,,,,,,35.5,,,,,,524239
2024-10-31,,,,,,33.993865966796875,,,,,,35.189998626708984,,,,,,35.2599983215332,,,,,,35.03519821166992,,,,,,35.255001068115234,,,,,,591436
2024-11-01,,,,,,34.278846740722656,,,,,,35.48500061035156,,,,,,35.61000061035156,,,,,,35.275001525878906,,,,,,35.310001373291016,,,,,,211647
2024-11-04,,,,,,34.351295471191406,,,,,,35.560001373291016,,,,,,35.779998779296875,,,,,,35.48514938354492,,,,,,35.494998931884766,,,,,,365527
2024-11-05,,,,,,34.29816436767578,,,,,,35.505001068115234,,,,,,35.685001373291016,,,,,,35.400001525878906,,,,,,35.525001525878906,,,,,,251273
2024-11-06,,,,,,34.26435470581055,,,,,,35.470001220703125,,,,,,36.064998626708984,,,,,,35.37730026245117,,,,,,35.72999954223633,,,,,,434641
2024-11-07,,,,,,34.21604919433594,,,,,,35.41999816894531,,,,,,35.665000915527344,,,,,,35.41999816894531,,,,,,35.630001068115234,,,,,,416681
2024-11-08,,,,,,33.91658401489258,,,,,,35.11000061035156,,,,,,35.494998931884766,,,,,,35.060001373291016,,,,,,35.46500015258789,,,,,,252261
2024-11-11,,,,,,34.12428665161133,,,,,,35.32500076293945,,,,,,35.45000076293945,,,,,,35.29999923706055,,,,,,35.29999923706055,,,,,,251974
2024-11-12,,,,,,33.7330436706543,,,,,,34.91999816894531,,,,,,35.244998931884766,,,,,,34.880001068115234,,,,,,35.23500061035156,,,,,,127475
2024-11-13,,,,,,33.73788070678711,,,,,,34.92499923706055,,,,,,35.060001373291016,,,,,,34.790000915527344,,,,,,34.96500015258789,,,,,,240830
2024-11-14,,,,,,33.960060119628906,,,,,,35.154998779296875,,,,,,35.209999084472656,,,,,,34.91276931762695,,,,,,34.974998474121094,,,,,,151409
2024-11-15,,,,,,33.93107986450195,,,,,,35.125,,,,,,35.244998931884766,,,,,,34.959999084472656,,,,,,34.9900016784668,,,,,,152098
2024-11-18,,,,,,34.129112243652344,,,,,,35.33000183105469,,,,,,35.33000183105469,,,,,,35.08000183105469,,,,,,35.14500045776367,,,,,,423528
2024-11-19,,,,,,34.09047317504883,,,,,,35.290000915527344,,,,,,35.4900016784668,,,,,,35.09000015258789,,,,,,35.380001068115234,,,,,,143642
2024-11-20,,,,,,34.03251266479492,,,,,,35.22999954223633,,,,,,35.43000030517578,,,,,,35.185001373291016,,,,,,35.349998474121094,,,,,,144360
2024-11-21,,,,,,34.31748580932617,,,,,,35.525001525878906,,,,,,35.54999923706055,,,,,,35.16790008544922,,,,,,35.310001373291016,,,,,,232624
2024-11-22,,,,,,34.81980895996094,,,,,,36.04499816894531,,,,,,36.09000015258789,,,,,,35.650001525878906,,,,,,35.80500030517578,,,,,,507223
2024-11-25,,,,,,34.91157913208008,,,,,,36.13999938964844,,,,,,36.23320007324219,,,,,,36.04999923706055,,,,,,36.14500045776367,,,,,,230284
2024-11-26,,,,,,34.79082489013672,,,,,,36.01499938964844,,,,,,36.134639739990234,,,,,,35.960750579833984,,,,,,36.040000915527344,,,,,,291770
2024-11-27,,,,,,34.87294006347656,,,,,,36.099998474121094,,,,,,36.10499954223633,,,,,,35.91999816894531,,,,,,36.02000045776367,,,,,,265404
2024-11-28,,,,,,34.921241760253906,,,,,,36.150001525878906,,,,,,36.22999954223633,,,,,,36.09000015258789,,,,,,36.17499923706055,,,,,,274388
2024-11-29,,,,,,34.93090057373047,,,,,,36.15999984741211,,,,,,36.19499969482422,,,,,,36.029998779296875,,,,,,36.07500076293945,,,,,,132881
2024-12-02,,,,,,35.03716278076172,,,,,,36.27000045776367,,,,,,36.35953903198242,,,,,,36.10419845581055,,,,,,36.150001525878906,,,,,,240847
2024-12-03,,,,,,35.23036193847656,,,,,,36.470001220703125,,,,,,36.6150016784668,,,,,,36.290000915527344,,,,,,36.290000915527344,,,,,,315290
2024-12-04,,,,,,35.153079986572266,,,,,,36.38999938964844,,,,,,36.4900016784668,,,,,,36.311500549316406,,,,,,36.459999084472656,,,,,,213933
2024-12-05,,,,,,35.20379638671875,,,,,,36.442501068115234,,,,,,36.439998626708984,,,,,,36.31999969482422,,,,,,36.35499954223633,,,,,,135382
2024-12-06,,,,,,35.01784133911133,,,,,,36.25,,,,,,36.46500015258789,,,,,,36.22972869873047,,,,,,36.41999816894531,,,,,,124340
2024-12-09,,,,,,35.18206024169922,,,,,,36.41999816894531,,,,,,36.52275085449219,,,,,,36.31999969482422,,,,,,36.34000015258789,,,,,,255944
2024-12-10,,,,,,34.87294006347656,,,,,,36.099998474121094,,,,,,36.31999969482422,,,,,,36.09450149536133,,,,,,36.28499984741211,,,,,,167139
2024-12-11,,,,,,34.96470642089844,,,,,,36.19499969482422,,,,,,36.35224914550781,,,,,,35.970001220703125,,,,,,36.005001068115234,,,,,,263842
2024-12-12,,,,,,35.003692626953125,,,,,,36.025001525878906,,,,,,36.130001068115234,,,,,,35.98500061035156,,,,,,36.05500030517578,,,,,,333078
2024-12-13,,,,,,34.97454071044922,,,,,,35.994998931884766,,,,,,36.130001068115234,,,,,,35.915000915527344,,,,,,36.040000915527344,,,,,,178493
2024-12-16,,,,,,34.8142204284668,,,,,,35.83000183105469,,,,,,36.02000045776367,,,,,,35.779998779296875,,,,,,35.95000076293945,,,,,,197160
2024-12-17,,,,,,34.54944610595703,,,,,,35.557498931884766,,,,,,35.67499923706055,,,,,,35.486751556396484,,,,,,35.59000015258789,,,,,,181508
2024-12-18,,,,,,34.53001403808594,,,,,,35.537498474121094,,,,,,35.70500183105469,,,,,,35.51689910888672,,,,,,35.599998474121094,,,,,,162679
2024-12-19,,,,,,34.14378356933594,,,,,,35.13999938964844,,,,,,35.257408142089844,,,,,,35.05849838256836,,,,,,35.19499969482422,,,,,,166056
2024-12-20,,,,,,34.09519958496094,,,,,,35.09000015258789,,,,,,35.19499969482422,,,,,,34.72420120239258,,,,,,35.125,,,,,,302768
2024-12-23,,,,,,34.158355712890625,,,,,,35.154998779296875,,,,,,35.244998931884766,,,,,,34.959999084472656,,,,,,35.08000183105469,,,,,,114230
2024-12-24,,,,,,34.333251953125,,,,,,35.334999084472656,,,,,,35.38999938964844,,,,,,35.224998474121094,,,,,,35.32500076293945,,,,,,100490
2024-12-27,,,,,,34.352684020996094,,,,,,35.35499954223633,,,,,,35.3849983215332,,,,,,35.155250549316406,,,,,,35.279998779296875,,,,,,242711
2024-12-30,,,,,,34.26523971557617,,,,,,35.26499938964844,,,,,,35.369998931884766,,,,,,35.1349983215332,,,,,,35.22999954223633,,,,,,264342
2024-12-31,,,,,,34.449851989746094,,,,,,35.45500183105469,,,,,,35.51015853881836,,,,,,35.11000061035156,,,,,,35.150001525878906,,,,,,52131
2025-01-02,,,,,,34.8385124206543,,,,,,35.85499954223633,,,,,,35.91999816894531,,,,,,35.42499923706055,,,,,,35.459999084472656,,,,,,148858
2025-01-03,,,,,,34.7219123840332,,,,,,35.73500061035156,,,,,,35.91999816894531,,,,,,35.71649932861328,,,,,,35.84000015258789,,,,,,192899
2025-01-06,,,,,,34.80450439453125,,,,,,35.81999969482422,,,,,,35.82500076293945,,,,,,35.57500076293945,,,,,,35.70000076293945,,,,,,266276
2025-01-07,,,,,,34.78021240234375,,,,,,35.79499816894531,,,,,,35.84000015258789,,,,,,35.564998626708984,,,,,,35.72999954223633,,,,,,363136
2025-01-08,,,,,,34.799644470214844,,,,,,35.814998626708984,,,,,,35.90480041503906,,,,,,35.58000183105469,,,,,,35.83000183105469,,,,,,299891
2025-01-09,,,,,,35.06684875488281,,,,,,36.09000015258789,,,,,,36.119998931884766,,,,,,35.810001373291016,,,,,,35.82500076293945,,,,,,288243
2025-01-10,,,,,,34.78506851196289,,,,,,35.79999923706055,,,,,,36.134498596191406,,,,,,35.790000915527344,,,,,,36.03499984741211,,,,,,192755
2025-01-13,,,,,,34.67333221435547,,,,,,35.685001373291016,,,,,,35.779998779296875,,,,,,35.54999923706055,,,,,,35.75,,,,,,429219
2025-01-14,,,,,,34.59074020385742,,,,,,35.599998474121094,,,,,,35.78499984741211,,,,,,35.56019973754883,,,,,,35.665000915527344,,,,,,228542
2025-01-15,,,,,,34.97940444946289,,,,,,36.0,,,,,,36.04999923706055,,,,,,35.744998931884766,,,,,,35.755001068115234,,,,,,216014
2025-01-16,,,,,,35.39720916748047,,,,,,36.43000030517578,,,,,,36.43000030517578,,,,,,35.350799560546875,,,,,,36.220001220703125,,,,,,285584
2025-01-17,,,,,,35.85388946533203,,,,,,36.900001525878906,,,,,,37.02000045776367,,,,,,36.68000030517578,,,,,,36.744998931884766,,,,,,236294
2025-01-20,,,,,,35.90732955932617,,,,,,36.95500183105469,,,,,,37.099998474121094,,,,,,36.881649017333984,,,,,,36.89500045776367,,,,,,200424
2025-01-21,,,,,,36.02878189086914,,,,,,37.08000183105469,,,,,,37.088600158691406,,,,,,36.93000030517578,,,,,,36.98500061035156,,,,,,100951
2025-01-22,,,,,,36.02392578125,,,,,,37.07500076293945,,,,,,37.25,,,,,,36.994998931884766,,,,,,37.1150016784668,,,,,,132985
2025-01-23,,,,,,36.091941833496094,,,,,,37.14500045776367,,,,,,37.189998626708984,,,,,,37.01499938964844,,,,,,37.04999923706055,,,,,,82261
2025-01-24,,,,,,35.84416961669922,,,,,,36.88999938964844,,,,,,37.27000045776367,,,,,,36.84851837158203,,,,,,37.21500015258789,,,,,,183608
2025-01-27,,,,,,35.83930969238281,,,,,,36.8849983215332,,,,,,36.95500183105469,,,,,,36.71500015258789,,,,,,36.79499816894531,,,,,,83784
2025-01-28,,,,,,36.0020637512207,,,,,,37.0525016784668,,,,,,37.19499969482422,,,,,,36.935001373291016,,,,,,36.95000076293945,,,,,,99929
2025-01-29,,,,,,36.077369689941406,,,,,,37.130001068115234,,,,,,37.255001068115234,,,,,,36.98500061035156,,,,,,37.04999923706055,,,,,,117091
2025-01-30,,,,,,36.470882415771484,,,,,,37.53499984741211,,,,,,37.561649322509766,,,,,,37.1150016784668,,,,,,37.15999984741211,,,,,,200263
2025-01-31,,,,,,36.60691452026367,,,,,,37.67499923706055,,,,,,37.73149871826172,,,,,,37.60499954223633,,,,,,37.64500045776367,,,,,,179213
2025-02-03,,,,,,36.22311019897461,,,,,,37.279998779296875,,,,,,37.35499954223633,,,,,,37.0,,,,,,37.189998626708984,,,,,,127918
2025-02-04,,,,,,36.16481399536133,,,,,,37.220001220703125,,,,,,37.26499938964844,,,,,,36.36798858642578,,,,,,37.18000030517578,,,,,,171734
2025-02-05,,,,,,36.3834342956543,,,,,,37.44499969482422,,,,,,37.44499969482422,,,,,,37.150001525878906,,,,,,37.189998626708984,,,,,,178285
2025-02-06,,,,,,36.825538635253906,,,,,,37.900001525878906,,,,,,38.064998626708984,,,,,,37.45000076293945,,,,,,37.685001373291016,,,,,,151554
2025-02-07,,,,,,36.7235107421875,,,,,,37.79499816894531,,,,,,37.93000030517578,,,,,,37.72999954223633,,,,,,37.845001220703125,,,,,,149466
2025-02-10,,,,,,36.99557876586914,,,,,,38.07500076293945,,,,,,38.165000915527344,,,,,,37.79999923706055,,,,,,37.80500030517578,,,,,,137048
2025-02-11,,,,,,37.04415512084961,,,,,,38.125,,,,,,38.18000030517578,,,,,,37.994998931884766,,,,,,38.14500045776367,,,,,,111805
2025-02-12,,,,,,37.16561508178711,,,,,,38.25,,,,,,38.26499938964844,,,,,,38.04669952392578,,,,,,38.17499923706055,,,,,,234645
2025-02-13,,,,,,37.03443908691406,,,,,,38.1150016784668,,,,,,38.26499938964844,,,,,,37.94499969482422,,,,,,38.26499938964844,,,,,,433223
2025-02-14,,,,,,36.864402770996094,,,,,,37.939998626708984,,,,,,38.09000015258789,,,,,,37.89590072631836,,,,,,38.07500076293945,,,,,,111379
2025-02-17,,,,,,37.02958679199219,,,,,,38.11000061035156,,,,,,38.11000061035156,,,,,,37.92499923706055,,,,,,37.94499969482422,,,,,,287347
2025-02-18,,,,,,37.024723052978516,,,,,,38.10499954223633,,,,,,38.209999084472656,,,,,,38.05820083618164,,,,,,38.19499969482422,,,,,,113891
2025-02-19,,,,,,36.767234802246094,,,,,,37.84000015258789,,,,,,38.13999938964844,,,,,,37.77000045776367,,,,,,38.13999938964844,,,,,,199053
2025-02-20,,,,,,36.63606262207031,,,,,,37.70500183105469,,,,,,37.89500045776367,,,,,,37.66999816894531,,,,,,37.8650016784668,,,,,,214439
2025-02-21,,,,,,36.64820861816406,,,,,,37.717498779296875,,,,,,37.814998626708984,,,,,,37.60499954223633,,,,,,37.66999816894531,,,,,,125900
2025-02-24,,,,,,36.64577865600586,,,,,,37.71500015258789,,,,,,37.84000015258789,,,,,,37.5,,,,,,37.720001220703125,,,,,,69850
2025-02-25,,,,,,36.674930572509766,,,,,,37.744998931884766,,,,,,37.94499969482422,,,,,,37.56999969482422,,,,,,37.59000015258789,,,,,,207979
2025-02-26,,,,,,36.95185089111328,,,,,,38.029998779296875,,,,,,38.04999923706055,,,,,,37.880001068115234,,,,,,37.95000076293945,,,,,,163587
2025-02-27,,,,,,37.08788299560547,,,,,,38.16999816894531,,,,,,38.22999954223633,,,,,,37.92499923706055,,,,,,37.94499969482422,,,,,,263101
2025-02-28,,,,,,37.31135940551758,,,,,,38.400001525878906,,,,,,38.40999984741211,,,,,,37.98500061035156,,,,,,38.005001068115234,,,,,,138759
2025-03-03,,,,,,37.5931396484375,,,,,,38.689998626708984,,,,,,38.837799072265625,,,,,,38.474998474121094,,,,,,38.560001373291016,,,,,,143446
2025-03-04,,,,,,37.1121711730957,,,,,,38.19499969482422,,,,,,38.595001220703125,,,,,,38.119998931884766,,,,,,38.42499923706055,,,,,,109577
2025-03-05,,,,,,37.078163146972656,,,,,,38.15999984741211,,,,,,38.529998779296875,,,,,,38.15999984741211,,,,,,38.35499954223633,,,,,,174295
2025-03-06,,,,,,36.8935546875,,,,,,37.970001220703125,,,,,,38.34000015258789,,,,,,37.814998626708984,,,,,,38.290000915527344,,,,,,133512
2025-03-07,,,,,,36.90812683105469,,,,,,37.98500061035156,,,,,,38.060001373291016,,,,,,37.720001220703125,,,,,,37.81999969482422,,,,,,165474
2025-03-10,,,,,,36.543758392333984,,,,,,37.61000061035156,,,,,,38.099998474121094,,,,,,37.56999969482422,,,,,,38.04999923706055,,,,,,198168
2025-03-11,,,,,,36.096797943115234,,,,,,37.150001525878906,,,,,,37.68000030517578,,,,,,37.08000183105469,,,,,,37.6349983215332,,,,,,310854
2025-03-12,,,,,,36.29598617553711,,,,,,37.35499954223633,,,,,,37.472999572753906,,,,,,37.17890167236328,,,,,,37.244998931884766,,,,,,175040
2025-03-13,,,,,,36.329994201660156,,,,,,37.38999938964844,,,,,,37.54999923706055,,,,,,37.22999954223633,,,,,,37.28499984741211,,,,,,136681
2025-03-14,,,,,,36.7235107421875,,,,,,37.79499816894531,,,,,,37.834999084472656,,,,,,37.367000579833984,,,,,,37.40999984741211,,,,,,113387
2025-03-17,,,,,,36.90569305419922,,,,,,37.98249816894531,,,,,,38.025001525878906,,,,,,37.744998931884766,,,,,,37.84000015258789,,,,,,142985
2025-03-18,,,,,,37.0392951965332,,,,,,38.119998931884766,,,,,,38.189998626708984,,,,,,38.02920150756836,,,,,,38.119998931884766,,,,,,176871
2025-03-19,,,,,,37.06844711303711,,,,,,38.150001525878906,,,,,,38.20000076293945,,,,,,37.915000915527344,,,,,,38.03499984741211,,,,,,601993
2025-03-20,,,,,,37.06206130981445,,,,,,37.790000915527344,,,,,,37.95500183105469,,,,,,37.61000061035156,,,,,,37.81999969482422,,,,,,161246
2025-03-21,,,,,,36.811973571777344,,,,,,37.53499984741211,,,,,,37.7599983215332,,,,,,37.423099517822266,,,,,,37.685001373291016,,,,,,177758
2025-03-24,,,,,,36.78745651245117,,,,,,37.5099983215332,,,,,,37.810001373291016,,,,,,37.42015075683594,,,,,,37.70500183105469,,,,,,223478
2025-03-25,,,,,,36.90024185180664,,,,,,37.625,,,,,,37.84659957885742,,,,,,37.54999923706055,,,,,,37.58000183105469,,,,,,269626
2025-03-26,,,,,,36.99831008911133,,,,,,37.724998474121094,,,,,,37.84000015258789,,,,,,37.57500076293945,,,,,,37.73500061035156,,,,,,406185
2025-03-27,,,,,,36.934566497802734,,,,,,37.65999984741211,,,,,,37.65999984741211,,,,,,37.435001373291016,,,,,,37.58000183105469,,,,,,232100
2025-03-28,,,,,,36.91495132446289,,,,,,37.63999938964844,,,,,,37.80500030517578,,,,,,37.525001525878906,,,,,,37.560001373291016,,,,,,266200
2025-03-31,,,,,,36.60601806640625,,,,,,37.32500076293945,,,,,,37.38999938964844,,,,,,37.060001373291016,,,,,,37.36000061035156,,,,,,246531
2025-04-01,,,,,,36.77519607543945,,,,,,37.497501373291016,,,,,,37.68000030517578,,,,,,37.320098876953125,,,,,,37.525001525878906,,,,,,151021
2025-04-02,,,,,,36.6795768737793,,,,,,37.400001525878906,,,,,,37.470001220703125,,,,,,37.13949966430664,,,,,,37.369998931884766,,,,,,166077
2025-04-03,,,,,,36.140167236328125,,,,,,36.849998474121094,,,,,,37.09000015258789,,,,,,36.7400016784668,,,,,,36.904998779296875,,,,,,171324
2025-04-04,,,,,,34.355224609375,,,,,,35.029998779296875,,,,,,36.66999816894531,,,,,,34.849998474121094,,,,,,36.665000915527344,,,,,,512847
2025-04-07,,,,,,32.839988708496094,,,,,,33.48500061035156,,,,,,34.90999984741211,,,,,,32.685001373291016,,,,,,33.28499984741211,,,,,,661882
2025-04-08,,,,,,33.74226379394531,,,,,,34.404998779296875,,,,,,34.80500030517578,,,,,,33.7400016784668,,,,,,33.80500030517578,,,,,,543988
2025-04-09,,,,,,32.77133560180664,,,,,,33.415000915527344,,,,,,33.93000030517578,,,,,,33.0,,,,,,33.689998626708984,,,,,,520535
2025-04-10,,,,,,33.859954833984375,,,,,,34.525001525878906,,,,,,35.56999969482422,,,,,,34.525001525878906,,,,,,35.4900016784668,,,,,,375766
2025-04-11,,,,,,34.090423583984375,,,,,,34.7599983215332,,,,,,34.93000030517578,,,,,,34.27000045776367,,,,,,34.79499816894531,,,,,,1221896
2025-04-14,,,,,,34.82597732543945,,,,,,35.5099983215332,,,,,,35.62329864501953,,,,,,35.20000076293945,,,,,,35.275001525878906,,,,,,424458
2025-04-15,,,,,,35.33351135253906,,,,,,36.02750015258789,,,,,,36.06660079956055,,,,,,35.556640625,,,,,,35.564998626708984,,,,,,276359
2025-04-16,,,,,,35.429134368896484,,,,,,36.125,,,,,,36.154998779296875,,,,,,35.70000076293945,,,,,,35.915000915527344,,,,,,281087
2025-04-17,,,,,,35.4732666015625,,,,,,36.16999816894531,,,,,,36.26499938964844,,,,,,35.79999923706055,,,,,,36.029998779296875,,,,,,267944
2025-04-22,,,,,,35.70619201660156,,,,,,36.407501220703125,,,,,,36.439998626708984,,,,,,36.064998626708984,,,,,,36.14500045776367,,,,,,159831
2025-04-23,,,,,,36.02247619628906,,,,,,36.72999954223633,,,,,,37.0099983215332,,,,,,36.625,,,,,,36.86000061035156,,,,,,243884
2025-04-24,,,,,,36.07151794433594,,,,,,36.779998779296875,,,,,,36.79999923706055,,,,,,36.41999816894531,,,,,,36.720001220703125,,,,,,108225
2025-04-25,,,,,,36.09603500366211,,,,,,36.80500030517578,,,,,,36.904998779296875,,,,,,36.720001220703125,,,,,,36.880001068115234,,,,,,244486
2025-04-28,,,,,,36.076419830322266,,,,,,36.78499984741211,,,,,,36.98500061035156,,,,,,36.78499984741211,,,,,,36.915000915527344,,,,,,256163
2025-04-29,,,,,,36.28237533569336,,,,,,36.994998931884766,,,,,,37.029998779296875,,,,,,36.73500061035156,,,,,,36.849998474121094,,,,,,89589
2025-04-30,,,,,,36.31669998168945,,,,,,37.029998779296875,,,,,,37.119998931884766,,,,,,36.82500076293945,,,,,,37.095001220703125,,,,,,261349
2025-05-01,,,,,,36.39760971069336,,,,,,37.11249923706055,,,,,,37.16999816894531,,,,,,36.97999954223633,,,,,,37.1349983215332,,,,,,156098
2025-05-02,,,,,,36.7923583984375,,,,,,37.51499938964844,,,,,,37.78499984741211,,,,,,37.31999969482422,,,,,,37.3650016784668,,,,,,127584
2025-05-06,,,,,,36.83158493041992,,,,,,37.55500030517578,,,,,,37.810001373291016,,,,,,37.41999816894531,,,,,,37.720001220703125,,,,,,212518
2025-05-07,,,,,,36.6795768737793,,,,,,37.400001525878906,,,,,,37.52000045776367,,,,,,37.275001525878906,,,,,,37.474998474121094,,,,,,203685
2025-05-08,,,,,,36.58149719238281,,,,,,37.29999923706055,,,,,,37.654998779296875,,,,,,37.22999954223633,,,,,,37.61000061035156,,,,,,226798
2025-05-09,,,,,,36.68938064575195,,,,,,37.40999984741211,,,,,,37.53499984741211,,,,,,37.3603515625,,,,,,37.5,,,,,,192337
2025-05-12,,,,,,36.85120391845703,,,,,,37.57500076293945,,,,,,37.82500076293945,,,,,,37.36000061035156,,,,,,37.59000015258789,,,,,,566943
2025-05-13,,,,,,36.856109619140625,,,,,,37.58000183105469,,,,,,37.71500015258789,,,,,,37.51499938964844,,,,,,37.560001373291016,,,,,,359560
2025-05-14,,,,,,36.79726028442383,,,,,,37.52000045776367,,,,,,37.654998779296875,,,,,,37.400001525878906,,,,,,37.55500030517578,,,,,,249823
2025-05-15,,,,,,37.0816764831543,,,,,,37.810001373291016,,,,,,37.814998626708984,,,,,,37.3849983215332,,,,,,37.41999816894531,,,,,,516161
2025-05-16,,,,,,37.27292251586914,,,,,,38.005001068115234,,,,,,38.084999084472656,,,,,,37.8849983215332,,,,,,37.95500183105469,,,,,,265802
2025-05-19,,,,,,37.336666107177734,,,,,,38.06999969482422,,,,,,38.06999969482422,,,,,,37.70000076293945,,,,,,37.90999984741211,,,,,,294711
2025-05-20,,,,,,37.66031265258789,,,,,,38.400001525878906,,,,,,38.4698486328125,,,,,,38.138099670410156,,,,,,38.209999084472656,,,,,,177243
2025-05-21,,,,,,37.72406005859375,,,,,,38.46500015258789,,,,,,38.5099983215332,,,,,,38.345001220703125,,,,,,38.36000061035156,,,,,,111294
2025-05-22,,,,,,37.51810836791992,,,,,,38.255001068115234,,,,,,38.345001220703125,,,,,,38.03499984741211,,,,,,38.275001525878906,,,,,,167546
2025-05-23,,,,,,37.41022491455078,,,,,,38.14500045776367,,,,,,38.43000030517578,,,,,,37.68000030517578,,,,,,38.34000015258789,,,,,,294903
2025-05-27,,,,,,37.71425247192383,,,,,,38.45500183105469,,,,,,38.650001525878906,,,,,,38.3849983215332,,,,,,38.400001525878906,,,,,,190029
2025-05-28,,,,,,37.46906661987305,,,,,,38.20500183105469,,,,,,38.525001525878906,,,,,,38.20500183105469,,,,,,38.435001373291016,,,,,,162913
2025-05-29,,,,,,37.46906661987305,,,,,,38.20500183105469,,,,,,38.439998626708984,,,,,,38.16999816894531,,,,,,38.42499923706055,,,,,,205038
2025-05-30,,,,,,37.7093505859375,,,,,,38.45000076293945,,,,,,38.529998779296875,,,,,,38.279998779296875,,,,,,38.310001373291016,,,,,,322778
2025-06-02,,,,,,37.72406005859375,,,,,,38.46500015258789,,,,,,38.564998626708984,,,,,,38.28025817871094,,,,,,38.369998931884766,,,,,,419229
2025-06-03,,,,,,37.82703399658203,,,,,,38.56999969482422,,,,,,38.654998779296875,,,,,,38.345001220703125,,,,,,38.625,,,,,,523546
2025-06-04,,,,,,37.883426666259766,,,,,,38.627498626708984,,,,,,38.724998474121094,,,,,,38.53499984741211,,,,,,38.68000030517578,,,,,,145738
2025-06-05,,,,,,37.92510986328125,,,,,,38.66999816894531,,,,,,38.78499984741211,,,,,,38.55500030517578,,,,,,38.654998779296875,,,,,,355794
2025-06-06,,,,,,38.003570556640625,,,,,,38.75,,,,,,38.85499954223633,,,,,,38.599998474121094,,,,,,38.71500015258789,,,,,,329319
2025-06-09,,,,,,38.00847244262695,,,,,,38.755001068115234,,,,,,38.875,,,,,,38.665000915527344,,,,,,38.834999084472656,,,,,,208345
2025-06-10,,,,,,38.1114501953125,,,,,,38.86000061035156,,,,,,39.005001068115234,,,,,,38.86000061035156,,,,,,38.8650016784668,,,,,,264230
2025-06-11,,,,,,38.13596725463867,,,,,,38.8849983215332,,,,,,39.02000045776367,,,,,,38.81999969482422,,,,,,38.935001373291016,,,,,,179997
2025-06-12,,,,,,38.20952224731445,,,,,,38.959999084472656,,,,,,39.040000915527344,,,,,,38.802398681640625,,,,,,38.84000015258789,,,,,,170956
2025-06-13,,,,,,38.04524612426758,,,,,,38.79249954223633,,,,,,38.970001220703125,,,,,,38.70000076293945,,,,,,38.810001373291016,,,,,,157402
2025-06-16,,,,,,38.18009948730469,,,,,,38.93000030517578,,,,,,39.05500030517578,,,,,,38.8650016784668,,,,,,38.8650016784668,,,,,,99061
2025-06-17,,,,,,37.9937629699707,,,,,,38.7400016784668,,,,,,39.0,,,,,,38.644859313964844,,,,,,38.724998474121094,,,,,,203534
2025-06-18,,,,,,38.06977081298828,,,,,,38.817501068115234,,,,,,38.869998931884766,,,,,,38.70000076293945,,,,,,38.810001373291016,,,,,,250058
2025-06-19,,,,,,37.86581039428711,,,,,,38.209999084472656,,,,,,38.39250183105469,,,,,,38.16999816894531,,,,,,38.28499984741211,,,,,,150773
2025-06-20,,,,,,37.781578063964844,,,,,,38.125,,,,,,39.400001525878906,,,,,,37.374420166015625,,,,,,38.314998626708984,,,,,,215988
2025-06-23,,,,,,37.72211456298828,,,,,,38.064998626708984,,,,,,38.209999084472656,,,,,,37.91999816894531,,,,,,38.005001068115234,,,,,,151298
2025-06-24,,,,,,37.7171630859375,,,,,,38.060001373291016,,,,,,38.35499954223633,,,,,,38.04499816894531,,,,,,38.28499984741211,,,,,,185092
2025-06-25,,,,,,37.55364990234375,,,,,,37.89500045776367,,,,,,38.20000076293945,,,,,,37.85499954223633,,,,,,38.16999816894531,,,,,,133966
2025-06-26,,,,,,37.660179138183594,,,,,,38.002498626708984,,,,,,38.064998626708984,,,,,,37.84000015258789,,,,,,37.84000015258789,,,,,,210370
2025-06-27,,,,,,37.85837936401367,,,,,,38.20249938964844,,,,,,38.220001220703125,,,,,,38.04499816894531,,,,,,38.060001373291016,,,,,,194161
2025-06-30,,,,,,37.72211456298828,,,,,,38.064998626708984,,,,,,38.32500076293945,,,,,,38.064998626708984,,,,,,38.255001068115234,,,,,,207986
2025-07-01,,,,,,37.826171875,,,,,,38.16999816894531,,,,,,38.19499969482422,,,,,,37.915000915527344,,,,,,38.154998779296875,,,,,,171782
2025-07-02,,,,,,37.78653335571289,,,,,,38.130001068115234,,,,,,38.375,,,,,,37.974998474121094,,,,,,38.31999969482422,,,,,,229315
2025-07-03,,,,,,37.9946403503418,,,,,,38.34000015258789,,,,,,40.415000915527344,,,,,,37.51865005493164,,,,,,38.2400016784668,,,,,,162683
2025-07-04,,,,,,37.9946403503418,,,,,,38.34000015258789,,,,,,38.375,,,,,,38.14500045776367,,,,,,38.224998474121094,,,,,,178328
2025-07-07,,,,,,37.925270080566406,,,,,,38.27000045776367,,,,,,38.404998779296875,,,,,,38.220001220703125,,,,,,38.334999084472656,,,,,,208677
2025-07-08,,,,,,38.11355972290039,,,,,,38.459999084472656,,,,,,38.46500015258789,,,,,,38.2400016784668,,,,,,38.26499938964844,,,,,,106924
2025-07-09,,,,,,38.182926177978516,,,,,,38.529998779296875,,,,,,38.625,,,,,,38.479801177978516,,,,,,38.564998626708984,,,,,,105255
2025-07-10,,,,,,38.64869689941406,,,,,,39.0,,,,,,39.0099983215332,,,,,,38.7400016784668,,,,,,38.814998626708984,,,,,,451995
2025-07-11,,,,,,38.47527313232422,,,,,,38.82500076293945,,,,,,39.040000915527344,,,,,,38.73500061035156,,,,,,39.01499938964844,,,,,,107933
2025-07-14,,,,,,38.737884521484375,,,,,,39.09000015258789,,,,,,39.095001220703125,,,,,,38.78730010986328,,,,,,38.82500076293945,,,,,,76741
2025-07-15,,,,,,38.47527313232422,,,,,,38.82500076293945,,,,,,39.244998931884766,,,,,,38.823299407958984,,,,,,39.13999938964844,,,,,,297173
2025-07-16,,,,,,38.40094757080078,,,,,,38.75,,,,,,38.970001220703125,,,,,,38.73714065551758,,,,,,38.7599983215332,,,,,,97213
2025-07-17,,,,,,38.62392044067383,,,,,,38.974998474121094,,,,,,39.01499938964844,,,,,,38.83000183105469,,,,,,38.939998626708984,,,,,,66299
2025-07-18,,,,,,38.68833541870117,,,,,,39.040000915527344,,,,,,39.189998626708984,,,,,,38.95500183105469,,,,,,39.189998626708984,,,,,,101643
2025-07-21,,,,,,38.81221008300781,,,,,,39.165000915527344,,,,,,39.165000915527344,,,,,,38.98500061035156,,,,,,39.09000015258789,,,,,,375074
2025-07-22,,,,,,38.85680389404297,,,,,,39.209999084472656,,,,,,39.2599983215332,,,,,,39.06999969482422,,,,,,39.165000915527344,,,,,,183408
2025-07-23,,,,,,39.02031707763672,,,,,,39.375,,,,,,39.46500015258789,,,,,,39.314998626708984,,,,,,39.439998626708984,,,,,,67325
2025-07-24,,,,,,39.367164611816406,,,,,,39.724998474121094,,,,,,39.80500030517578,,,,,,39.54499816894531,,,,,,39.564998626708984,,,,,,148985
2025-07-25,,,,,,39.27302169799805,,,,,,39.630001068115234,,,,,,39.73500061035156,,,,,,39.52000045776367,,,,,,39.71500015258789,,,,,,142218
2025-07-28,,,,,,39.13428497314453,,,,,,39.4900016784668,,,,,,39.904998779296875,,,,,,39.38999938964844,,,,,,39.880001068115234,,,,,,172761
2025-07-29,,,,,,39.39689636230469,,,,,,39.755001068115234,,,,,,39.849998474121094,,,,,,39.505001068115234,,,,,,39.564998626708984,,,,,,72240
2025-07-30,,,,,,39.38203048706055,,,,,,39.7400016784668,,,,,,39.775001525878906,,,,,,39.55500030517578,,,,,,39.654998779296875,,,,,,152858
2025-07-31,,,,,,39.41175842285156,,,,,,39.77000045776367,,,,,,40.0,,,,,,39.709999084472656,,,,,,39.82500076293945,,,,,,128108
2025-08-01,,,,,,39.13428497314453,,,,,,39.4900016784668,,,,,,39.65999984741211,,,,,,39.310001373291016,,,,,,39.6150016784668,,,,,,172112
2025-08-04,,,,,,39.367164611816406,,,,,,39.724998474121094,,,,,,39.75,,,,,,39.47999954223633,,,,,,39.54499816894531,,,,,,136941
2025-08-05,,,,,,39.416717529296875,,,,,,39.775001525878906,,,,,,40.0,,,,,,39.72999954223633,,,,,,39.98500061035156,,,,,,277762
2025-08-06,,,,,,39.51085662841797,,,,,,39.869998931884766,,,,,,39.994998931884766,,,,,,39.849998474121094,,,,,,39.959999084472656,,,,,,124004
2025-08-07,,,,,,39.35725402832031,,,,,,39.71500015258789,,,,,,39.93000030517578,,,,,,39.63610076904297,,,,,,39.904998779296875,,,,,,115809
2025-08-08,,,,,,39.32257080078125,,,,,,39.68000030517578,,,,,,39.83000183105469,,,,,,39.6150016784668,,,,,,39.78499984741211,,,,,,228745
2025-08-11,,,,,,39.471221923828125,,,,,,39.83000183105469,,,,,,39.880001068115234,,,,,,39.7400016784668,,,,,,39.779998779296875,,,,,,137377
2025-08-12,,,,,,39.550498962402344,,,,,,39.90999984741211,,,,,,39.994998931884766,,,,,,39.77009963989258,,,,,,39.92499923706055,,,,,,363570
2025-08-13,,,,,,39.605003356933594,,,,,,39.96500015258789,,,,,,40.060001373291016,,,,,,39.880001068115234,,,,,,39.9900016784668,,,,,,137484
2025-08-14,,,,,,39.79824447631836,,,,,,40.15999984741211,,,,,,40.165000915527344,,,,,,39.97999954223633,,,,,,40.040000915527344,,,,,,98769
2025-08-15,,,,,,39.6545524597168,,,,,,40.01499938964844,,,,,,40.38999938964844,,,,,,39.959999084472656,,,,,,40.35499954223633,,,,,,219647
2025-08-18,,,,,,39.71896743774414,,,,,,40.08000183105469,,,,,,40.150299072265625,,,,,,39.942298889160156,,,,,,40.099998474121094,,,,,,93793
2025-08-19,,,,,,39.852752685546875,,,,,,40.21500015258789,,,,,,40.25,,,,,,40.060001373291016,,,,,,40.1349983215332,,,,,,232930
2025-08-20,,,,,,40.306129455566406,,,,,,40.67250061035156,,,,,,40.69499969482422,,,,,,40.099998474121094,,,,,,40.189998626708984,,,,,,161684
2025-08-21,,,,,,40.37797546386719,,,,,,40.744998931884766,,,,,,40.810001373291016,,,,,,40.51499938964844,,,,,,40.69499969482422,,,,,,66426
2025-08-22,,,,,,40.41761779785156,,,,,,40.78499984741211,,,,,,40.95000076293945,,,,,,40.63999938964844,,,,,,40.709999084472656,,,,,,94564
2025-08-26,,,,,,40.18968963623047,,,,,,40.55500030517578,,,,,,40.685001373291016,,,,,,40.44499969482422,,,,,,40.595001220703125,,,,,,196616
2025-08-27,,,,,,40.194644927978516,,,,,,40.560001373291016,,,,,,40.79999923706055,,,,,,40.43273162841797,,,,,,40.650001525878906,,,,,,205305
2025-08-28,,,,,,40.0806770324707,,,,,,40.44499969482422,,,,,,40.665000915527344,,,,,,40.375,,,,,,40.61000061035156,,,,,,145900
2025-08-29,,,,,,39.96671676635742,,,,,,40.33000183105469,,,,,,40.47999954223633,,,,,,40.26729965209961,,,,,,40.435001373291016,,,,,,136643
2025-09-01,,,,,,39.99148941040039,,,,,,40.35499954223633,,,,,,40.4900016784668,,,,,,40.2760009765625,,,,,,40.404998779296875,,,,,,108774
2025-09-02,,,,,,39.639686584472656,,,,,,40.0,,,,,,40.39500045776367,,,,,,39.959999084472656,,,,,,40.279998779296875,,,,,,160255
2025-09-03,,,,,,39.907257080078125,,,,,,40.27000045776367,,,,,,40.27000045776367,,,,,,39.95000076293945,,,,,,40.04999923706055,,,,,,334623
2025-09-04,,,,,,40.06085968017578,,,,,,40.42499923706055,,,,,,40.744998931884766,,,,,,40.17499923706055,,,,,,40.2400016784668,,,,,,240825
2025-09-05,,,,,,40.02617263793945,,,,,,40.38999938964844,,,,,,40.599998474121094,,,,,,40.345001220703125,,,,,,40.505001068115234,,,,,,111825
2025-09-08,,,,,,40.095542907714844,,,,,,40.459999084472656,,,,,,40.525001525878906,,,,,,40.314998626708984,,,,,,40.505001068115234,,,,,,233115
2025-09-09,,,,,,40.18968963623047,,,,,,40.55500030517578,,,,,,40.6150016784668,,,,,,40.47999954223633,,,,,,40.529998779296875,,,,,,216058
2025-09-10,,,,,,40.12031936645508,,,,,,40.48500061035156,,,,,,40.775001525878906,,,,,,40.48500061035156,,,,,,40.650001525878906,,,,,,252978
2025-09-11,,,,,,40.42257308959961,,,,,,40.790000915527344,,,,,,40.79499816894531,,,,,,40.540000915527344,,,,,,40.65999984741211,,,,,,211590
2025-09-12,,,,,,40.373023986816406,,,,,,40.7400016784668,,,,,,41.0,,,,,,40.7400016784668,,,,,,40.86000061035156,,,,,,57298
2025-09-15,,,,,,40.35320281982422,,,,,,40.720001220703125,,,,,,40.834999084472656,,,,,,40.65999984741211,,,,,,40.810001373291016,,,,,,240806
2025-09-16,,,,,,39.99644470214844,,,,,,40.36000061035156,,,,,,40.755001068115234,,,,,,39.80070877075195,,,,,,40.720001220703125,,,,,,132056
2025-09-17,,,,,,40.05590057373047,,,,,,40.41999816894531,,,,,,40.59000015258789,,,,,,40.375,,,,,,40.474998474121094,,,,,,106382
2025-09-18,,,,,,40.07500076293945,,,,,,40.07500076293945,,,,,,40.28499984741211,,,,,,40.0,,,,,,40.154998779296875,,,,,,294483
2025-09-19,,,,,,40.0,,,,,,40.0,,,,,,40.15999984741211,,,,,,39.95500183105469,,,,,,40.119998931884766,,,,,,270391
2025-09-22,,,,,,40.05500030517578,,,,,,40.05500030517578,,,,,,40.11000061035156,,,,,,39.94499969482422,,,,,,40.04999923706055,,,,,,227501
2025-09-23,,,,,,40.060001373291016,,,,,,40.060001373291016,,,,,,40.25,,,,,,40.05500030517578,,,,,,40.130001068115234,,,,,,244128
2025-09-24,,,,,,40.165000915527344,,,,,,40.165000915527344,,,,,,40.25,,,,,,39.845001220703125,,,,,,40.025001525878906,,,,,,197564
2025-09-25,,,,,,40.029998779296875,,,,,,40.029998779296875,,,,,,40.15999984741211,,,,,,39.962799072265625,,,,,,40.084999084472656,,,,,,176411
2025-09-26,,,,,,40.32500076293945,,,,,,40.32500076293945,,,,,,40.3650016784668,,,,,,40.005001068115234,,,,,,40.060001373291016,,,,,,97809
2025-09-29,,,,,,40.38999938964844,,,,,,40.38999938964844,,,,,,40.630001068115234,,,,,,40.375,,,,,,40.45500183105469,,,,,,262927
2025-09-30,,,,,,40.60499954223633,,,,,,40.60499954223633,,,,,,40.685001373291016,,,,,,40.2377815246582,,,,,,40.35499954223633,,,,,,304196
2025-10-01,,,,,,41.03499984741211,,,,,,41.03499984741211,,,,,,41.08832931518555,,,,,,40.67499923706055,,,,,,40.70500183105469,,,,,,159326
2025-10-02,,,,,,40.98500061035156,,,,,,40.98500061035156,,,,,,41.189998626708984,,,,,,40.93579864501953,,,,,,41.15999984741211,,,,,,187471
2025-10-03,,,,,,41.23310089111328,,,,,,41.23310089111328,,,,,,41.27000045776367,,,,,,41.08000183105469,,,,,,41.095001220703125,,,,,,238984
2025-10-06,,,,,,41.20500183105469,,,,,,41.20500183105469,,,,,,41.375,,,,,,41.14025115966797,,,,,,41.2400016784668,,,,,,191752
2025-10-07,,,,,,41.224998474121094,,,,,,41.224998474121094,,,,,,41.349998474121094,,,,,,41.19499969482422,,,,,,41.255001068115234,,,,,,177202
2025-10-08,,,,,,41.529998779296875,,,,,,41.529998779296875,,,,,,41.654998779296875,,,,,,41.29999923706055,,,,,,41.310001373291016,,,,,,283671
2025-10-09,,,,,,41.35499954223633,,,,,,41.35499954223633,,,,,,41.494998931884766,,,,,,41.34149932861328,,,,,,41.41999816894531,,,,,,202469
2025-10-10,,,,,,41.04499816894531,,,,,,41.04499816894531,,,,,,41.43000030517578,,,,,,40.96500015258789,,,,,,41.345001220703125,,,,,,139261
2025-10-13,,,,,,41.084999084472656,,,,,,41.084999084472656,,,,,,41.16999816894531,,,,,,40.94499969482422,,,,,,41.10499954223633,,,,,,128323
2025-10-14,,,,,,41.14500045776367,,,,,,41.14500045776367,,,,,,41.14500045776367,,,,,,40.849998474121094,,,,,,40.95000076293945,,,,,,125227
2025-10-15,,,,,,41.0,,,,,,41.0,,,,,,41.27000045776367,,,,,,40.8849983215332,,,,,,41.27000045776367,,,,,,180561
2025-10-16,,,,,,41.07500076293945,,,,,,41.07500076293945,,,,,,41.09000015258789,,,,,,40.875,,,,,,41.04999923706055,,,,,,140126
2025-10-17,,,,,,40.720001220703125,,,,,,40.720001220703125,,,,,,40.8650016784668,,,,,,40.375,,,,,,40.55500030517578,,,,,,282062
2025-10-20,,,,,,40.939998626708984,,,,,,40.939998626708984,,,,,,41.005001068115234,,,,,,40.810001373291016,,,,,,40.869998931884766,,,,,,220328
2025-10-21,,,,,,41.025001525878906,,,,,,41.025001525878906,,,,,,41.10499954223633,,,,,,40.947200775146484,,,,,,41.07500076293945,,,,,,247403
2025-10-22,,,,,,41.40999984741211,,,,,,41.40999984741211,,,,,,41.54999923706055,,,,,,41.19499969482422,,,,,,41.21500015258789,,,,,,507943
2025-10-23,,,,,,41.685001373291016,,,,,,41.685001373291016,,,,,,41.755001068115234,,,,,,41.43000030517578,,,,,,41.55500030517578,,,,,,189054
2025-10-27,,,,,,42.025001525878906,,,,,,42.025001525878906,,,,,,42.10499954223633,,,,,,41.92499923706055,,,,,,41.9900016784668,,,,,,192459
2025-10-28,,,,,,42.2400016784668,,,,,,42.2400016784668,,,,,,42.349998474121094,,,,,,42.005001068115234,,,,,,42.10499954223633,,,,,,284434
2025-10-29,,,,,,42.46500015258789,,,,,,42.46500015258789,,,,,,42.599998474121094,,,,,,42.290000915527344,,,,,,42.310001373291016,,,,,,209129
2025-10-30,,,,,,42.44499969482422,,,,,,42.44499969482422,,,,,,42.470001220703125,,,,,,42.154998779296875,,,,,,42.3849983215332,,,,,,359953
2025-10-31,,,,,,42.28499984741211,,,,,,42.28499984741211,,,,,,42.44499969482422,,,,,,42.185001373291016,,,,,,42.380001068115234,,,,,,238870
2025-11-03,,,,,,42.209999084472656,,,,,,42.209999084472656,,,,,,42.41999816894531,,,,,,42.18000030517578,,,,,,42.30500030517578,,,,,,164912
2025-11-04,,,,,,42.255001068115234,,,,,,42.255001068115234,,,,,,42.255001068115234,,,,,,41.654998779296875,,,,,,42.040000915527344,,,,,,557823
2025-11-05,,,,,,42.5,,,,,,42.5,,,,,,42.584999084472656,,,,,,42.09000015258789,,,,,,42.154998779296875,,,,,,322762
2025-11-06,,,,,,42.31999969482422,,,,,,42.31999969482422,,,,,,42.599998474121094,,,,,,42.29999923706055,,,,,,42.54499816894531,,,,,,249032
2025-11-07,,,,,,42.1150016784668,,,,,,42.1150016784668,,,,,,42.314998626708984,,,,,,41.92499923706055,,,,,,42.29999923706055,,,,,,149251
2025-11-10,,,,,,42.58000183105469,,,,,,42.58000183105469,,,,,,42.654998779296875,,,,,,42.31999969482422,,,,,,42.470001220703125,,,,,,233045
2025-11-11,,,,,,43.07500076293945,,,,,,43.07500076293945,,,,,,43.14500045776367,,,,,,42.875,,,,,,42.970001220703125,,,,,,188947
2025-11-12,,,,,,43.150001525878906,,,,,,43.150001525878906,,,,,,43.224998474121094,,,,,,42.16310119628906,,,,,,43.154998779296875,,,,,,246548
2025-11-13,,,,,,42.76499938964844,,,,,,42.76499938964844,,,,,,43.154998779296875,,,,,,42.744998931884766,,,,,,43.150001525878906,,,,,,174864
2025-11-14,,,,,,42.29499816894531,,,,,,42.29499816894531,,,,,,42.3849983215332,,,,,,41.88999938964844,,,,,,42.369998931884766,,,,,,734640
