date,adj_close,adj_close,adj_close,adj_close,adj_close,adj_close,adj_close,close,close,close,close,close,close,close,high,high,high,high,high,high,high,low,low,low,low,low,low,low,open,open,open,open,open,open,open,volume,volume,volume,volume,volume,volume,volume
,#,(GBP),500,S&P,UCITS,VANGUARD,VUSA.L,#,(GBP),500,S&P,UCITS,VANGUARD,VUSA.L,#,(GBP),500,S&P,UCITS,VANGUARD,VUSA.L,#,(GBP),500,S&P,UCITS,VANGUARD,VUSA.L,#,(GBP),500,S&P,UCITS,VANGUARD,VUSA.L,#,(GBP),500,S&P,UCITS,VANGUARD,VUSA.L
2023-06-02,,,,,,,63.24564743041992,,,,,,,65.09249877929688,,,,,,,65.14250183105469,,,,,,,64.0,,,,,,,64.08000183105469,,,,,,,155390
2023-06-05,,,,,,,63.770328521728516,,,,,,,65.63249969482422,,,,,,,65.875,,,,,,,65.25749969482422,,,,,,,65.48999786376953,,,,,,,198318
2023-06-06,,,,,,,63.61244201660156,,,,,,,65.47000122070312,,,,,,,65.65249633789062,,,,,,,65.18250274658203,,,,,,,65.2300033569336,,,,,,,90543
2023-06-07,,,,,,,63.41568374633789,,,,,,,65.26750183105469,,,,,,,65.61499786376953,,,,,,,65.09249877929688,,,,,,,65.57499694824219,,,,,,,154780
2023-06-08,,,,,,,62.98331069946289,,,,,,,64.82250213623047,,,,,,,65.15499877929688,,,,,,,64.66000366210938,,,,,,,65.03500366210938,,,,,,,78731
2023-06-09,,,,,,,63.092620849609375,,,,,,,64.93499755859375,,,,,,,65.25,,,,,,,64.44249725341797,,,,,,,64.88249969482422,,,,,,,164817
2023-06-12,,,,,,,63.641578674316406,,,,,,,65.5,,,,,,,65.5,,,,,,,64.9625015258789,,,,,,,65.1675033569336,,,,,,,120638
2023-06-13,,,,,,,63.92092514038086,,,,,,,65.7874984741211,,,,,,,65.9800033569336,,,,,,,65.18499755859375,,,,,,,65.7925033569336,,,,,,,156849
2023-06-14,,,,,,,63.79218673706055,,,,,,,65.65499877929688,,,,,,,65.97750091552734,,,,,,,65.41000366210938,,,,,,,65.82250213623047,,,,,,,128148
2023-06-15,,,,,,,63.77581024169922,,,,,,,65.42250061035156,,,,,,,65.5,,,,,,,65.00749969482422,,,,,,,65.4175033569336,,,,,,,419414
2023-06-16,,,,,,,63.72341537475586,,,,,,,65.3687515258789,,,,,,,65.7249984741211,,,,,,,65.30249786376953,,,,,,,65.45249938964844,,,,,,,119021
2023-06-19,,,,,,,63.507720947265625,,,,,,,65.14749908447266,,,,,,,65.33190155029297,,,,,,,65.00499725341797,,,,,,,65.1500015258789,,,,,,,85382
2023-06-20,,,,,,,63.42486572265625,,,,,,,65.0625,,,,,,,65.47000122070312,,,,,,,65.0,,,,,,,65.16999816894531,,,,,,,103965
2023-06-21,,,,,,,63.342010498046875,,,,,,,64.97750091552734,,,,,,,65.5199966430664,,,,,,,64.81999969482422,,,,,,,64.96749877929688,,,,,,,192640
2023-06-22,,,,,,,63.273773193359375,,,,,,,64.90750122070312,,,,,,,65.04000091552734,,,,,,,64.1500015258789,,,,,,,64.75250244140625,,,,,,,51326
2023-06-23,,,,,,,63.17020034790039,,,,,,,64.8012466430664,,,,,,,65.19249725341797,,,,,,,64.5999984741211,,,,,,,65.0,,,,,,,84744
2023-06-26,,,,,,,63.044681549072266,,,,,,,64.67250061035156,,,,,,,65.03250122070312,,,,,,,64.4625015258789,,,,,,,64.81749725341797,,,,,,,208181
2023-06-27,,,,,,,63.06174850463867,,,,,,,64.69000244140625,,,,,,,64.73500061035156,,,,,,,64.42250061035156,,,,,,,64.52249908447266,,,,,,,116399
2023-06-28,,,,,,,63.94274139404297,,,,,,,65.59375,,,,,,,65.78500366210938,,,,,,,64.9800033569336,,,,,,,65.04750061035156,,,,,,,93082
2023-06-29,,,,,,,64.3034439086914,,,,,,,65.96375274658203,,,,,,,65.9800033569336,,,,,,,65.55500030517578,,,,,,,65.6624984741211,,,,,,,138844
2023-06-30,,,,,,,64.4923095703125,,,,,,,66.15750122070312,,,,,,,66.28500366210938,,,,,,,65.87750244140625,,,,,,,66.0374984741211,,,,,,,146749
2023-07-03,,,,,,,64.8432388305664,,,,,,,66.51750183105469,,,,,,,66.6500015258789,,,,,,,66.0875015258789,,,,,,,66.41999816894531,,,,,,,103681
2023-07-04,,,,,,,64.67020416259766,,,,,,,66.33999633789062,,,,,,,66.54750061035156,,,,,,,66.19000244140625,,,,,,,66.4749984741211,,,,,,,80296
2023-07-05,,,,,,,64.67753601074219,,,,,,,66.34750366210938,,,,,,,66.41999816894531,,,,,,,65.94999694824219,,,,,,,66.26000213623047,,,,,,,117604
2023-07-06,,,,,,,63.861114501953125,,,,,,,65.51000213623047,,,,,,,66.10250091552734,,,,,,,65.25,,,,,,,66.06999969482422,,,,,,,108709
2023-07-07,,,,,,,63.54916000366211,,,,,,,65.19000244140625,,,,,,,65.6500015258789,,,,,,,65.12000274658203,,,,,,,65.54750061035156,,,,,,,79930
2023-07-10,,,,,,,63.43217468261719,,,,,,,65.06999969482422,,,,,,,65.40249633789062,,,,,,,64.75250244140625,,,,,,,64.84500122070312,,,,,,,92393
2023-07-11,,,,,,,63.34443664550781,,,,,,,64.9800033569336,,,,,,,65.03250122070312,,,,,,,64.68000030517578,,,,,,,64.94249725341797,,,,,,,86490
2023-07-12,,,,,,,63.68564987182617,,,,,,,65.33000183105469,,,,,,,65.60749816894531,,,,,,,64.98750305175781,,,,,,,64.99250030517578,,,,,,,132680
2023-07-13,,,,,,,63.35418701171875,,,,,,,64.98999786376953,,,,,,,65.43000030517578,,,,,,,64.96499633789062,,,,,,,65.3499984741211,,,,,,,131649
2023-07-14,,,,,,,63.63080978393555,,,,,,,65.27375030517578,,,,,,,65.46749877929688,,,,,,,65.01750183105469,,,,,,,65.18499755859375,,,,,,,124231
2023-07-17,,,,,,,63.8001823425293,,,,,,,65.44750213623047,,,,,,,65.48750305175781,,,,,,,65.08999633789062,,,,,,,65.2249984741211,,,,,,,243210
2023-07-18,,,,,,,64.12918853759766,,,,,,,65.78500366210938,,,,,,,65.7925033569336,,,,,,,65.2699966430664,,,,,,,65.44750213623047,,,,,,,193564
2023-07-19,,,,,,,65.5792465209961,,,,,,,67.27249908447266,,,,,,,67.35749816894531,,,,,,,66.54000091552734,,,,,,,66.61499786376953,,,,,,,152824
2023-07-20,,,,,,,65.4500732421875,,,,,,,67.13999938964844,,,,,,,67.23500061035156,,,,,,,66.80249786376953,,,,,,,66.875,,,,,,,120139
2023-07-21,,,,,,,65.42570495605469,,,,,,,67.11499786376953,,,,,,,67.37750244140625,,,,,,,66.77249908447266,,,,,,,66.81999969482422,,,,,,,312968
2023-07-24,,,,,,,65.60848999023438,,,,,,,67.30249786376953,,,,,,,67.47000122070312,,,,,,,66.75499725341797,,,,,,,66.78250122070312,,,,,,,461278
2023-07-25,,,,,,,65.55730438232422,,,,,,,67.25,,,,,,,67.5,,,,,,,67.0,,,,,,,67.30249786376953,,,,,,,164466
2023-07-26,,,,,,,65.17225646972656,,,,,,,66.8550033569336,,,,,,,67.28500366210938,,,,,,,66.7750015258789,,,,,,,67.26249694824219,,,,,,,113263
2023-07-27,,,,,,,65.96673583984375,,,,,,,67.66999816894531,,,,,,,67.98999786376953,,,,,,,66.98999786376953,,,,,,,67.0625,,,,,,,201847
2023-07-28,,,,,,,65.89850616455078,,,,,,,67.5999984741211,,,,,,,67.69999694824219,,,,,,,67.13500213623047,,,,,,,67.44999694824219,,,,,,,185814
2023-07-31,,,,,,,65.8863296508789,,,,,,,67.5875015258789,,,,,,,67.82749938964844,,,,,,,67.41000366210938,,,,,,,67.52999877929688,,,,,,,352312
2023-08-01,,,,,,,66.33717346191406,,,,,,,68.05000305175781,,,,,,,68.08000183105469,,,,,,,67.58999633789062,,,,,,,67.81999969482422,,,,,,,300450
2023-08-02,,,,,,,65.79857635498047,,,,,,,67.49749755859375,,,,,,,67.84500122070312,,,,,,,67.13249969482422,,,,,,,67.56999969482422,,,,,,,165224
2023-08-03,,,,,,,65.48176574707031,,,,,,,67.17250061035156,,,,,,,67.86000061035156,,,,,,,66.90499877929688,,,,,,,67.30750274658203,,,,,,,157490
2023-08-04,,,,,,,65.49881744384766,,,,,,,67.19000244140625,,,,,,,67.6624984741211,,,,,,,66.90249633789062,,,,,,,67.45249938964844,,,,,,,186361
2023-08-07,,,,,,,65.07719421386719,,,,,,,66.75749969482422,,,,,,,67.05249786376953,,,,,,,66.53500366210938,,,,,,,66.98999786376953,,,,,,,145752
2023-08-08,,,,,,,64.92854309082031,,,,,,,66.6050033569336,,,,,,,67.09249877929688,,,,,,,66.55999755859375,,,,,,,66.88999938964844,,,,,,,162714
2023-08-09,,,,,,,65.01383972167969,,,,,,,66.69249725341797,,,,,,,67.25499725341797,,,,,,,66.61000061035156,,,,,,,66.91000366210938,,,,,,,108748
2023-08-10,,,,,,,65.3720703125,,,,,,,67.05999755859375,,,,,,,67.2481689453125,,,,,,,66.50250244140625,,,,,,,66.80500030517578,,,,,,,182135
2023-08-11,,,,,,,64.85543060302734,,,,,,,66.52999877929688,,,,,,,66.85749816894531,,,,,,,66.43000030517578,,,,,,,66.80999755859375,,,,,,,111696
2023-08-14,,,,,,,65.26242065429688,,,,,,,66.94750213623047,,,,,,,67.19999694824219,,,,,,,66.68499755859375,,,,,,,66.76750183105469,,,,,,,150829
2023-08-15,,,,,,,64.7603988647461,,,,,,,66.43250274658203,,,,,,,67.15672302246094,,,,,,,66.18000030517578,,,,,,,67.04499816894531,,,,,,,142444
2023-08-16,,,,,,,64.42162322998047,,,,,,,66.08499908447266,,,,,,,66.32499694824219,,,,,,,65.98249816894531,,,,,,,66.1875,,,,,,,206004
2023-08-17,,,,,,,63.84648895263672,,,,,,,65.49500274658203,,,,,,,66.01499938964844,,,,,,,65.30999755859375,,,,,,,65.7300033569336,,,,,,,268910
2023-08-18,,,,,,,63.3151969909668,,,,,,,64.94999694824219,,,,,,,65.32250213623047,,,,,,,64.67250061035156,,,,,,,65.30000305175781,,,,,,,131473
2023-08-21,,,,,,,63.47604751586914,,,,,,,65.11499786376953,,,,,,,65.48750305175781,,,,,,,64.96499633789062,,,,,,,65.06999969482422,,,,,,,152812
2023-08-22,,,,,,,63.941524505615234,,,,,,,65.59249877929688,,,,,,,65.89749908447266,,,,,,,65.30750274658203,,,,,,,65.42250061035156,,,,,,,86736
2023-08-23,,,,,,,64.46549987792969,,,,,,,66.12999725341797,,,,,,,66.25749969482422,,,,,,,65.5,,,,,,,65.50749969482422,,,,,,,133987
2023-08-24,,,,,,,64.53617095947266,,,,,,,66.20249938964844,,,,,,,66.97250366210938,,,,,,,66.16999816894531,,,,,,,66.72000122070312,,,,,,,115180
2023-08-25,,,,,,,64.50447845458984,,,,,,,66.16999816894531,,,,,,,66.32250213623047,,,,,,,65.8550033569336,,,,,,,66.0425033569336,,,,,,,76396
2023-08-29,,,,,,,65.65479278564453,,,,,,,67.3499984741211,,,,,,,67.41999816894531,,,,,,,66.6500015258789,,,,,,,66.80000305175781,,,,,,,333067
2023-08-30,,,,,,,65.62553405761719,,,,,,,67.31999969482422,,,,,,,67.63749694824219,,,,,,,67.0,,,,,,,67.58000183105469,,,,,,,162444
2023-08-31,,,,,,,66.07152557373047,,,,,,,67.77749633789062,,,,,,,67.99749755859375,,,,,,,67.50250244140625,,,,,,,67.5199966430664,,,,,,,153340
2023-09-01,,,,,,,66.28112030029297,,,,,,,67.99250030517578,,,,,,,68.13249969482422,,,,,,,67.57250213623047,,,,,,,67.69999694824219,,,,,,,144763
2023-09-04,,,,,,,66.21043395996094,,,,,,,67.91999816894531,,,,,,,68.08000183105469,,,,,,,67.82250213623047,,,,,,,68.02999877929688,,,,,,,88442
2023-09-05,,,,,,,66.38591003417969,,,,,,,68.0999984741211,,,,,,,68.28500366210938,,,,,,,67.89749908447266,,,,,,,67.99250030517578,,,,,,,111433
2023-09-06,,,,,,,66.08370971679688,,,,,,,67.79000091552734,,,,,,,68.09249877929688,,,,,,,67.70500183105469,,,,,,,67.8375015258789,,,,,,,114445
2023-09-07,,,,,,,65.97648620605469,,,,,,,67.68000030517578,,,,,,,67.9749984741211,,,,,,,67.5,,,,,,,67.75749969482422,,,,,,,114681
2023-09-08,,,,,,,66.32498168945312,,,,,,,68.0374984741211,,,,,,,68.05500030517578,,,,,,,67.55500030517578,,,,,,,67.86250305175781,,,,,,,123386
2023-09-11,,,,,,,66.12026977539062,,,,,,,67.82749938964844,,,,,,,68.0250015258789,,,,,,,67.6875,,,,,,,67.87750244140625,,,,,,,512560
2023-09-12,,,,,,,66.35423278808594,,,,,,,68.06749725341797,,,,,,,68.26249694824219,,,,,,,67.98500061035156,,,,,,,68.05750274658203,,,,,,,139609
2023-09-13,,,,,,,66.36396789550781,,,,,,,68.07749938964844,,,,,,,68.13999938964844,,,,,,,67.7249984741211,,,,,,,68.1050033569336,,,,,,,180453
2023-09-14,,,,,,,67.11746978759766,,,,,,,68.63249969482422,,,,,,,68.64250183105469,,,,,,,67.63500213623047,,,,,,,67.77999877929688,,,,,,,147364
2023-09-15,,,,,,,66.7360610961914,,,,,,,68.24250030517578,,,,,,,68.9000015258789,,,,,,,68.13999938964844,,,,,,,68.81500244140625,,,,,,,208069
2023-09-18,,,,,,,66.6651611328125,,,,,,,68.16999816894531,,,,,,,68.24749755859375,,,,,,,67.875,,,,,,,68.14749908447266,,,,,,,165005
2023-09-19,,,,,,,66.15419006347656,,,,,,,67.64749908447266,,,,,,,68.27249908447266,,,,,,,67.52999877929688,,,,,,,68.08499908447266,,,,,,,162554
2023-09-20,,,,,,,66.5086898803711,,,,,,,68.01000213623047,,,,,,,68.26750183105469,,,,,,,67.9625015258789,,,,,,,68.12249755859375,,,,,,,198519
2023-09-21,,,,,,,65.65789794921875,,,,,,,67.13999938964844,,,,,,,67.68250274658203,,,,,,,67.01750183105469,,,,,,,67.5425033569336,,,,,,,168969
2023-09-22,,,,,,,65.7850341796875,,,,,,,67.2699966430664,,,,,,,67.31999969482422,,,,,,,66.82250213623047,,,,,,,66.85250091552734,,,,,,,299388
2023-09-25,,,,,,,65.62611389160156,,,,,,,67.10749816894531,,,,,,,67.20500183105469,,,,,,,66.66999816894531,,,,,,,67.02999877929688,,,,,,,267297
2023-09-26,,,,,,,65.26918029785156,,,,,,,66.74250030517578,,,,,,,67.23999786376953,,,,,,,66.66999816894531,,,,,,,67.08999633789062,,,,,,,155213
2023-09-27,,,,,,,65.19828033447266,,,,,,,66.66999816894531,,,,,,,67.02999877929688,,,,,,,66.57250213623047,,,,,,,66.83499908447266,,,,,,,141915
2023-09-28,,,,,,,65.25695037841797,,,,,,,66.7300033569336,,,,,,,66.86250305175781,,,,,,,66.23500061035156,,,,,,,66.83000183105469,,,,,,,155066
2023-09-29,,,,,,,65.47208404541016,,,,,,,66.94999694824219,,,,,,,67.25,,,,,,,66.62750244140625,,,,,,,66.68250274658203,,,,,,,222081
2023-10-02,,,,,,,65.56989288330078,,,,,,,67.05000305175781,,,,,,,67.1050033569336,,,,,,,66.63999938964844,,,,,,,66.91500091552734,,,,,,,302417
2023-10-03,,,,,,,64.8853530883789,,,,,,,66.3499984741211,,,,,,,67.4375,,,,,,,66.34249877929688,,,,,,,67.20249938964844,,,,,,,166112
2023-10-04,,,,,,,64.7264175415039,,,,,,,66.1875,,,,,,,66.26249694824219,,,,,,,65.96749877929688,,,,,,,66.06999969482422,,,,,,,197005
2023-10-05,,,,,,,64.4966049194336,,,,,,,65.95249938964844,,,,,,,66.6050033569336,,,,,,,65.8949966430664,,,,,,,66.4175033569336,,,,,,,137734
2023-10-06,,,,,,,64.77532196044922,,,,,,,66.23750305175781,,,,,,,66.29750061035156,,,,,,,65.79000091552734,,,,,,,66.19000244140625,,,,,,,176980
2023-10-09,,,,,,,65.28629302978516,,,,,,,66.76000213623047,,,,,,,66.80999755859375,,,,,,,66.3499984741211,,,,,,,66.52999877929688,,,,,,,211164
2023-10-10,,,,,,,66.1175308227539,,,,,,,67.61000061035156,,,,,,,67.69999694824219,,,,,,,67.03500366210938,,,,,,,67.25250244140625,,,,,,,109812
2023-10-11,,,,,,,65.63590240478516,,,,,,,67.11750030517578,,,,,,,67.46749877929688,,,,,,,67.08499908447266,,,,,,,67.23249816894531,,,,,,,207247
2023-10-12,,,,,,,66.38155364990234,,,,,,,67.87999725341797,,,,,,,67.9800033569336,,,,,,,67.49749755859375,,,,,,,67.58000183105469,,,,,,,152864
2023-10-13,,,,,,,66.21041870117188,,,,,,,67.70500183105469,,,,,,,68.14749908447266,,,,,,,67.43000030517578,,,,,,,67.7074966430664,,,,,,,138595
2023-10-16,,,,,,,66.51602935791016,,,,,,,68.01750183105469,,,,,,,68.1875,,,,,,,67.37000274658203,,,,,,,67.63999938964844,,,,,,,145380
2023-10-17,,,,,,,66.53803253173828,,,,,,,68.04000091552734,,,,,,,68.12999725341797,,,,,,,67.6624984741211,,,,,,,67.94999694824219,,,,,,,277576
2023-10-18,,,,,,,66.22998046875,,,,,,,67.7249984741211,,,,,,,67.97250366210938,,,,,,,67.64749908447266,,,,,,,67.76750183105469,,,,,,,242043
2023-10-19,,,,,,,65.84613800048828,,,,,,,67.3324966430664,,,,,,,67.62999725341797,,,,,,,67.15779876708984,,,,,,,67.3125,,,,,,,86855
2023-10-20,,,,,,,64.59196472167969,,,,,,,66.05000305175781,,,,,,,66.92749786376953,,,,,,,66.02749633789062,,,,,,,66.7699966430664,,,,,,,139049
2023-10-23,,,,,,,64.21302032470703,,,,,,,65.6624984741211,,,,,,,66.05249786376953,,,,,,,65.35250091552734,,,,,,,66.02249908447266,,,,,,,269853
2023-10-24,,,,,,,64.67019653320312,,,,,,,66.12999725341797,,,,,,,66.32499694824219,,,,,,,65.3125,,,,,,,65.38999938964844,,,,,,,185381
2023-10-25,,,,,,,64.34748840332031,,,,,,,65.80000305175781,,,,,,,66.33999633789062,,,,,,,65.60250091552734,,,,,,,65.9800033569336,,,,,,,111525
2023-10-26,,,,,,,63.61158752441406,,,,,,,65.04750061035156,,,,,,,66.12249755859375,,,,,,,64.97000122070312,,,,,,,65.29000091552734,,,,,,,267636
2023-10-27,,,,,,,63.22530746459961,,,,,,,64.65249633789062,,,,,,,65.13999938964844,,,,,,,64.55750274658203,,,,,,,65.02749633789062,,,,,,,218948
2023-10-30,,,,,,,63.34021759033203,,,,,,,64.7699966430664,,,,,,,65.04750061035156,,,,,,,64.47750091552734,,,,,,,64.87999725341797,,,,,,,243044
2023-10-31,,,,,,,63.7631721496582,,,,,,,65.20249938964844,,,,,,,65.2874984741211,,,,,,,64.80000305175781,,,,,,,64.8375015258789,,,,,,,419777
2023-11-01,,,,,,,64.3963851928711,,,,,,,65.8499984741211,,,,,,,65.98249816894531,,,,,,,65.0999984741211,,,,,,,65.31500244140625,,,,,,,210419
2023-11-02,,,,,,,65.51121520996094,,,,,,,66.98999786376953,,,,,,,67.02999877929688,,,,,,,66.1449966430664,,,,,,,66.23750305175781,,,,,,,227545
2023-11-03,,,,,,,65.4256362915039,,,,,,,66.90249633789062,,,,,,,67.20999908447266,,,,,,,66.47750091552734,,,,,,,67.05999755859375,,,,,,,166504
2023-11-06,,,,,,,65.33029174804688,,,,,,,66.80500030517578,,,,,,,67.06674194335938,,,,,,,66.5999984741211,,,,,,,66.87000274658203,,,,,,,166257
2023-11-07,,,,,,,66.03929138183594,,,,,,,67.52999877929688,,,,,,,67.62999725341797,,,,,,,67.0,,,,,,,67.01000213623047,,,,,,,171553
2023-11-08,,,,,,,65.96105194091797,,,,,,,67.44999694824219,,,,,,,67.84500122070312,,,,,,,67.44999694824219,,,,,,,67.58000183105469,,,,,,,217013
2023-11-09,,,,,,,66.27888488769531,,,,,,,67.7750015258789,,,,,,,67.98999786376953,,,,,,,67.47000122070312,,,,,,,67.67500305175781,,,,,,,145168
2023-11-10,,,,,,,66.49891662597656,,,,,,,68.0,,,,,,,68.07250213623047,,,,,,,67.4124984741211,,,,,,,67.61000061035156,,,,,,,132433
2023-11-13,,,,,,,66.72383880615234,,,,,,,68.2300033569336,,,,,,,68.33999633789062,,,,,,,68.0625,,,,,,,68.23750305175781,,,,,,,179102
2023-11-14,,,,,,,66.94143676757812,,,,,,,68.45249938964844,,,,,,,68.60250091552734,,,,,,,68.05000305175781,,,,,,,68.1675033569336,,,,,,,189569
2023-11-15,,,,,,,67.32525634765625,,,,,,,68.84500122070312,,,,,,,69.05000305175781,,,,,,,68.5250015258789,,,,,,,68.52999877929688,,,,,,,235176
2023-11-16,,,,,,,67.14190673828125,,,,,,,68.65750122070312,,,,,,,69.0625,,,,,,,68.5,,,,,,,69.0425033569336,,,,,,,139694
2023-11-17,,,,,,,67.30815124511719,,,,,,,68.82749938964844,,,,,,,69.27749633789062,,,,,,,68.7300033569336,,,,,,,69.16000366210938,,,,,,,116775
2023-11-20,,,,,,,67.35948944091797,,,,,,,68.87999725341797,,,,,,,68.8949966430664,,,,,,,68.54750061035156,,,,,,,68.63999938964844,,,,,,,195163
2023-11-21,,,,,,,67.11991119384766,,,,,,,68.63500213623047,,,,,,,68.94249725341797,,,,,,,68.5250015258789,,,,,,,68.90750122070312,,,,,,,131800
2023-11-22,,,,,,,67.86312866210938,,,,,,,69.3949966430664,,,,,,,69.51000213623047,,,,,,,68.69999694824219,,,,,,,68.80999755859375,,,,,,,128485
2023-11-23,,,,,,,67.57707977294922,,,,,,,69.10250091552734,,,,,,,69.32749938964844,,,,,,,68.80750274658203,,,,,,,69.15249633789062,,,,,,,94689
2023-11-24,,,,,,,67.12478637695312,,,,,,,68.63999938964844,,,,,,,69.10040283203125,,,,,,,68.5425033569336,,,,,,,69.01499938964844,,,,,,,144527
2023-11-27,,,,,,,67.10767364501953,,,,,,,68.62249755859375,,,,,,,68.62249755859375,,,,,,,68.3499984741211,,,,,,,68.48999786376953,,,,,,,138460
2023-11-28,,,,,,,66.8411865234375,,,,,,,68.3499984741211,,,,,,,68.58000183105469,,,,,,,68.07250213623047,,,,,,,68.44999694824219,,,,,,,116037
2023-11-29,,,,,,,66.76538848876953,,,,,,,68.27249908447266,,,,,,,68.58999633789062,,,,,,,68.12750244140625,,,,,,,68.1500015258789,,,,,,,216665
2023-11-30,,,,,,,66.78251647949219,,,,,,,68.29000091552734,,,,,,,68.70249938964844,,,,,,,68.09249877929688,,,,,,,68.20999908447266,,,,,,,535577
2023-12-01,,,,,,,67.09300994873047,,,,,,,68.60749816894531,,,,,,,69.0,,,,,,,68.29000091552734,,,,,,,68.6500015258789,,,,,,,216963
2023-12-04,,,,,,,67.00743103027344,,,,,,,68.5199966430664,,,,,,,68.80000305175781,,,,,,,68.44750213623047,,,,,,,68.69999694824219,,,,,,,261852
2023-12-05,,,,,,,67.39372253417969,,,,,,,68.91500091552734,,,,,,,68.95999908447266,,,,,,,68.4000015258789,,,,,,,68.58999633789062,,,,,,,115890
2023-12-06,,,,,,,67.39372253417969,,,,,,,68.91500091552734,,,,,,,69.27999877929688,,,,,,,68.91500091552734,,,,,,,69.05750274658203,,,,,,,117700
2023-12-07,,,,,,,67.64797973632812,,,,,,,69.17500305175781,,,,,,,69.26249694824219,,,,,,,68.6449966430664,,,,,,,68.72000122070312,,,,,,,149395
2023-12-08,,,,,,,67.98536682128906,,,,,,,69.5199966430664,,,,,,,69.70999908447266,,,,,,,69.08999633789062,,,,,,,69.2300033569336,,,,,,,156998
2023-12-11,,,,,,,68.17849731445312,,,,,,,69.71749877929688,,,,,,,69.83499908447266,,,,,,,69.41500091552734,,,,,,,69.7074966430664,,,,,,,362869
2023-12-12,,,,,,,68.5280990600586,,,,,,,70.07499694824219,,,,,,,70.24749755859375,,,,,,,69.7300033569336,,,,,,,69.95999908447266,,,,,,,187336
2023-12-13,,,,,,,69.00241088867188,,,,,,,70.55999755859375,,,,,,,70.70220947265625,,,,,,,70.38249969482422,,,,,,,70.55999755859375,,,,,,,194448
2023-12-14,,,,,,,68.7020492553711,,,,,,,70.03500366210938,,,,,,,70.9574966430664,,,,,,,69.97000122070312,,,,,,,70.55999755859375,,,,,,,246560
2023-12-15,,,,,,,69.11896514892578,,,,,,,70.45999908447266,,,,,,,70.54750061035156,,,,,,,70.08000183105469,,,,,,,70.2300033569336,,,,,,,155734
2023-12-18,,,,,,,69.62662506103516,,,,,,,70.97750091552734,,,,,,,71.0199966430664,,,,,,,70.45500183105469,,,,,,,70.53500366210938,,,,,,,273639
2023-12-19,,,,,,,69.37401580810547,,,,,,,70.72000122070312,,,,,,,70.97250366210938,,,,,,,70.55500030517578,,,,,,,70.91000366210938,,,,,,,136247
2023-12-20,,,,,,,69.99449157714844,,,,,,,71.35250091552734,,,,,,,71.51750183105469,,,,,,,71.10250091552734,,,,,,,71.37999725341797,,,,,,,168385
2023-12-21,,,,,,,69.44514465332031,,,,,,,70.7925033569336,,,,,,,71.02749633789062,,,,,,,70.57250213623047,,,,,,,70.83999633789062,,,,,,,154853
2023-12-22,,,,,,,69.34214782714844,,,,,,,70.6875,,,,,,,70.94000244140625,,,,,,,70.55999755859375,,,,,,,70.94000244140625,,,,,,,74500
2023-12-27,,,,,,,69.41081237792969,,,,,,,70.75749969482422,,,,,,,71.5,,,,,,,70.62750244140625,,,,,,,71.06999969482422,,,,,,,224040
2023-12-28,,,,,,,69.79582214355469,,,,,,,71.1500015258789,,,,,,,71.2249984741211,,,,,,,70.81999969482422,,,,,,,70.92500305175781,,,,,,,179723
2023-12-29,,,,,,,69.82403564453125,,,,,,,71.17874908447266,,,,,,,71.4800033569336,,,,,,,71.15499877929688,,,,,,,71.23500061035156,,,,,,,156323
2024-01-02,,,,,,,69.89393615722656,,,,,,,71.25,,,,,,,71.25,,,,,,,70.9124984741211,,,,,,,71.1500015258789,,,,,,,347005
2024-01-03,,,,,,,69.27592468261719,,,,,,,70.62000274658203,,,,,,,71.1500015258789,,,,,,,70.59249877929688,,,,,,,71.11000061035156,,,,,,,163514
2024-01-04,,,,,,,69.16802215576172,,,,,,,70.51000213623047,,,,,,,70.62000274658203,,,,,,,70.11499786376953,,,,,,,70.39250183105469,,,,,,,178753
2024-01-05,,,,,,,68.65055084228516,,,,,,,69.98249816894531,,,,,,,70.28500366210938,,,,,,,69.90249633789062,,,,,,,70.05000305175781,,,,,,,163954
2024-01-08,,,,,,,68.79279327392578,,,,,,,70.12750244140625,,,,,,,70.25,,,,,,,69.875,,,,,,,70.01000213623047,,,,,,,132822
2024-01-09,,,,,,,69.49172973632812,,,,,,,70.83999633789062,,,,,,,70.88500213623047,,,,,,,70.46499633789062,,,,,,,70.7249984741211,,,,,,,163161
2024-01-10,,,,,,,69.58248138427734,,,,,,,70.93250274658203,,,,,,,71.08999633789062,,,,,,,70.76499938964844,,,,,,,70.9749984741211,,,,,,,90528
2024-01-11,,,,,,,69.42061614990234,,,,,,,70.76750183105469,,,,,,,71.44000244140625,,,,,,,70.69750213623047,,,,,,,71.24500274658203,,,,,,,166019
2024-01-12,,,,,,,69.68302917480469,,,,,,,71.03500366210938,,,,,,,71.25250244140625,,,,,,,70.8324966430664,,,,,,,70.87000274658203,,,,,,,259201
2024-01-15,,,,,,,69.810546875,,,,,,,71.16500091552734,,,,,,,71.26249694824219,,,,,,,71.05500030517578,,,,,,,71.22250366210938,,,,,,,117253
2024-01-16,,,,,,,70.13916778564453,,,,,,,71.5,,,,,,,71.61250305175781,,,,,,,71.14749908447266,,,,,,,71.26000213623047,,,,,,,145915
2024-01-17,,,,,,,69.64869689941406,,,,,,,71.0,,,,,,,71.3324966430664,,,,,,,70.83999633789062,,,,,,,71.08000183105469,,,,,,,245576
2024-01-18,,,,,,,69.84732818603516,,,,,,,71.20249938964844,,,,,,,71.61750030517578,,,,,,,70.76000213623047,,,,,,,70.81999969482422,,,,,,,108869
2024-01-19,,,,,,,70.49231719970703,,,,,,,71.86000061035156,,,,,,,71.93499755859375,,,,,,,71.56999969482422,,,,,,,71.62000274658203,,,,,,,3072582
2024-01-22,,,,,,,71.0343017578125,,,,,,,72.4124984741211,,,,,,,72.56500244140625,,,,,,,72.25749969482422,,,,,,,72.40249633789062,,,,,,,284362
2024-01-23,,,,,,,71.18880462646484,,,,,,,72.56999969482422,,,,,,,72.6500015258789,,,,,,,72.16500091552734,,,,,,,72.24250030517578,,,,,,,134302
2024-01-24,,,,,,,71.38990020751953,,,,,,,72.7750015258789,,,,,,,73.0250015258789,,,,,,,72.5250015258789,,,,,,,72.97000122070312,,,,,,,150593
2024-01-25,,,,,,,71.66947174072266,,,,,,,73.05999755859375,,,,,,,73.07749938964844,,,,,,,72.5,,,,,,,72.56999969482422,,,,,,,171237
2024-01-26,,,,,,,71.64495086669922,,,,,,,73.03500366210938,,,,,,,73.125,,,,,,,72.69000244140625,,,,,,,72.86000061035156,,,,,,,140180
2024-01-29,,,,,,,71.81417083740234,,,,,,,73.2074966430664,,,,,,,73.30999755859375,,,,,,,72.9124984741211,,,,,,,72.97000122070312,,,,,,,254825
2024-01-30,,,,,,,72.33654022216797,,,,,,,73.73999786376953,,,,,,,73.875,,,,,,,73.4749984741211,,,,,,,73.54000091552734,,,,,,,207355
2024-01-31,,,,,,,71.4634780883789,,,,,,,72.8499984741211,,,,,,,73.5,,,,,,,72.65750122070312,,,,,,,73.4175033569336,,,,,,,246342
2024-02-01,,,,,,,71.1642837524414,,,,,,,72.54499816894531,,,,,,,73.12000274658203,,,,,,,72.47989654541016,,,,,,,72.80999755859375,,,,,,,440429
2024-02-02,,,,,,,72.7706298828125,,,,,,,74.18250274658203,,,,,,,74.19249725341797,,,,,,,73.2249984741211,,,,,,,73.36000061035156,,,,,,,423168
2024-02-05,,,,,,,73.27825927734375,,,,,,,74.69999694824219,,,,,,,75.10250091552734,,,,,,,74.30500030517578,,,,,,,74.37999725341797,,,,,,,486235
2024-02-06,,,,,,,73.09679412841797,,,,,,,74.51499938964844,,,,,,,74.7874984741211,,,,,,,74.36499786376953,,,,,,,74.76000213623047,,,,,,,201651
2024-02-07,,,,,,,73.43032836914062,,,,,,,74.8550033569336,,,,,,,74.98999786376953,,,,,,,74.33000183105469,,,,,,,74.38749694824219,,,,,,,136007
2024-02-08,,,,,,,73.63632202148438,,,,,,,75.06500244140625,,,,,,,75.31500244140625,,,,,,,74.94750213623047,,,,,,,75.04750061035156,,,,,,,141237
2024-02-09,,,,,,,73.8055419921875,,,,,,,75.23750305175781,,,,,,,75.47000122070312,,,,,,,75.05249786376953,,,,,,,75.08000183105469,,,,,,,134902
2024-02-12,,,,,,,74.36222839355469,,,,,,,75.80500030517578,,,,,,,75.80500030517578,,,,,,,75.09619903564453,,,,,,,75.38500213623047,,,,,,,323329
2024-02-13,,,,,,,73.346923828125,,,,,,,74.7699966430664,,,,,,,75.38999938964844,,,,,,,74.49250030517578,,,,,,,75.29499816894531,,,,,,,252969
2024-02-14,,,,,,,73.7197036743164,,,,,,,75.1500015258789,,,,,,,75.47750091552734,,,,,,,74.93730163574219,,,,,,,74.95999908447266,,,,,,,162246
2024-02-15,,,,,,,74.08756256103516,,,,,,,75.5250015258789,,,,,,,75.82250213623047,,,,,,,75.39749908447266,,,,,,,75.74250030517578,,,,,,,120397
2024-02-16,,,,,,,74.34751892089844,,,,,,,75.79000091552734,,,,,,,76.08170318603516,,,,,,,75.51000213623047,,,,,,,75.86000061035156,,,,,,,126608
2024-02-19,,,,,,,74.11698913574219,,,,,,,75.55500030517578,,,,,,,75.58329772949219,,,,,,,75.15409851074219,,,,,,,75.29000091552734,,,,,,,145237
2024-02-20,,,,,,,73.21205139160156,,,,,,,74.63249969482422,,,,,,,75.36250305175781,,,,,,,74.45249938964844,,,,,,,75.30249786376953,,,,,,,266709
2024-02-21,,,,,,,73.27336120605469,,,,,,,74.69499969482422,,,,,,,74.80500030517578,,,,,,,74.5374984741211,,,,,,,74.70999908447266,,,,,,,131713
2024-02-22,,,,,,,74.68841552734375,,,,,,,76.13749694824219,,,,,,,76.30750274658203,,,,,,,75.10250091552734,,,,,,,75.37000274658203,,,,,,,276520
2024-02-23,,,,,,,74.81838989257812,,,,,,,76.2699966430664,,,,,,,76.4800033569336,,,,,,,76.0425033569336,,,,,,,76.23249816894531,,,,,,,177023
2024-02-26,,,,,,,74.67859649658203,,,,,,,76.12750244140625,,,,,,,76.30000305175781,,,,,,,75.99140167236328,,,,,,,76.0999984741211,,,,,,,295223
2024-02-27,,,,,,,74.36714172363281,,,,,,,75.80999755859375,,,,,,,76.06500244140625,,,,,,,75.70099639892578,,,,,,,75.87750244140625,,,,,,,198937
2024-02-28,,,,,,,74.67369079589844,,,,,,,76.12249755859375,,,,,,,76.19249725341797,,,,,,,75.75330352783203,,,,,,,76.08000183105469,,,,,,,215097
2024-02-29,,,,,,,74.80366516113281,,,,,,,76.25499725341797,,,,,,,76.52149963378906,,,,,,,75.73999786376953,,,,,,,76.03250122070312,,,,,,,243242
2024-03-01,,,,,,,75.36773681640625,,,,,,,76.83000183105469,,,,,,,77.0,,,,,,,76.40059661865234,,,,,,,76.75,,,,,,,273969
2024-03-04,,,,,,,75.29169464111328,,,,,,,76.75250244140625,,,,,,,77.00499725341797,,,,,,,76.69999694824219,,,,,,,76.94249725341797,,,,,,,318519
2024-03-05,,,,,,,74.52655792236328,,,,,,,75.97250366210938,,,,,,,76.96320343017578,,,,,,,75.81999969482422,,,,,,,76.72000122070312,,,,,,,184012
2024-03-06,,,,,,,74.71539306640625,,,,,,,76.16500091552734,,,,,,,76.36000061035156,,,,,,,75.82869720458984,,,,,,,75.98999786376953,,,,,,,252353
2024-03-07,,,,,,,74.93365478515625,,,,,,,76.38749694824219,,,,,,,76.58999633789062,,,,,,,75.80680084228516,,,,,,,75.88999938964844,,,,,,,201647
2024-03-08,,,,,,,74.69332122802734,,,,,,,76.14250183105469,,,,,,,77.04309844970703,,,,,,,76.06069946289062,,,,,,,76.58000183105469,,,,,,,177881
2024-03-11,,,,,,,74.42845153808594,,,,,,,75.87249755859375,,,,,,,75.875,,,,,,,75.4000015258789,,,,,,,75.7249984741211,,,,,,,323207
2024-03-12,,,,,,,75.20342254638672,,,,,,,76.6624984741211,,,,,,,76.92749786376953,,,,,,,76.0,,,,,,,76.31749725341797,,,,,,,196078
2024-03-13,,,,,,,75.2696304321289,,,,,,,76.7300033569336,,,,,,,76.97250366210938,,,,,,,76.61000061035156,,,,,,,76.9000015258789,,,,,,,202383
2024-03-14,,,,,,,75.06362915039062,,,,,,,76.5199966430664,,,,,,,76.76249694824219,,,,,,,76.19750213623047,,,,,,,76.5875015258789,,,,,,,221065
2024-03-15,,,,,,,74.8199691772461,,,,,,,76.03500366210938,,,,,,,76.84500122070312,,,,,,,75.94249725341797,,,,,,,76.55500030517578,,,,,,,176019
2024-03-18,,,,,,,75.63179016113281,,,,,,,76.86000061035156,,,,,,,77.0,,,,,,,76.22750091552734,,,,,,,76.23750305175781,,,,,,,192430
2024-03-19,,,,,,,75.6686782836914,,,,,,,76.89749908447266,,,,,,,76.92749786376953,,,,,,,76.43499755859375,,,,,,,76.75,,,,,,,200523
2024-03-20,,,,,,,75.8925552368164,,,,,,,77.125,,,,,,,77.49130249023438,,,,,,,76.87090301513672,,,,,,,77.08999633789062,,,,,,,158876
2024-03-21,,,,,,,77.38333892822266,,,,,,,78.63999938964844,,,,,,,78.80180358886719,,,,,,,77.13819885253906,,,,,,,77.86750030517578,,,,,,,257429
2024-03-22,,,,,,,77.3931884765625,,,,,,,78.6500015258789,,,,,,,79.43900299072266,,,,,,,78.39559936523438,,,,,,,78.75749969482422,,,,,,,180843
2024-03-25,,,,,,,77.0438461303711,,,,,,,78.29499816894531,,,,,,,78.93910217285156,,,,,,,77.89859771728516,,,,,,,78.63249969482422,,,,,,,340522
2024-03-26,,,,,,,77.1816177368164,,,,,,,78.43499755859375,,,,,,,78.68409729003906,,,,,,,78.26820373535156,,,,,,,78.32250213623047,,,,,,,206626
2024-03-27,,,,,,,77.14225769042969,,,,,,,78.3949966430664,,,,,,,79.08419799804688,,,,,,,78.05139923095703,,,,,,,78.3499984741211,,,,,,,240364
2024-03-28,,,,,,,77.4300765991211,,,,,,,78.6875,,,,,,,79.3031005859375,,,,,,,78.2479019165039,,,,,,,78.78250122070312,,,,,,,293134
2024-04-02,,,,,,,77.07091522216797,,,,,,,78.32250213623047,,,,,,,80.16500091552734,,,,,,,78.13999938964844,,,,,,,79.06999969482422,,,,,,,502330
2024-04-03,,,,,,,77.11520385742188,,,,,,,78.36750030517578,,,,,,,78.78820037841797,,,,,,,77.93250274658203,,,,,,,78.36499786376953,,,,,,,279791
2024-04-04,,,,,,,77.216064453125,,,,,,,78.47000122070312,,,,,,,78.62249755859375,,,,,,,77.78959655761719,,,,,,,78.26750183105469,,,,,,,306773
2024-04-05,,,,,,,76.73634338378906,,,,,,,77.98249816894531,,,,,,,78.12850189208984,,,,,,,77.2699966430664,,,,,,,77.4574966430664,,,,,,,373407
2024-04-08,,,,,,,76.7831039428711,,,,,,,78.02999877929688,,,,,,,78.67510223388672,,,,,,,77.61060333251953,,,,,,,77.98249816894531,,,,,,,437200
2024-04-09,,,,,,,76.1557846069336,,,,,,,77.39250183105469,,,,,,,78.11959838867188,,,,,,,77.13249969482422,,,,,,,78.0,,,,,,,219428
2024-04-10,,,,,,,76.62071990966797,,,,,,,77.86499786376953,,,,,,,78.27999877929688,,,,,,,77.1449966430664,,,,,,,77.9574966430664,,,,,,,272170
2024-04-11,,,,,,,76.82737731933594,,,,,,,78.07499694824219,,,,,,,78.12470245361328,,,,,,,77.57499694824219,,,,,,,77.9800033569336,,,,,,,197045
2024-04-12,,,,,,,77.1865463256836,,,,,,,78.44000244140625,,,,,,,79.31909942626953,,,,,,,78.09649658203125,,,,,,,78.74250030517578,,,,,,,287417
2024-04-15,,,,,,,76.91101837158203,,,,,,,78.16000366210938,,,,,,,78.62750244140625,,,,,,,77.75679779052734,,,,,,,78.26249694824219,,,,,,,279695
2024-04-16,,,,,,,75.85810089111328,,,,,,,77.08999633789062,,,,,,,77.54519653320312,,,,,,,76.52279663085938,,,,,,,76.99500274658203,,,,,,,303881
2024-04-17,,,,,,,75.3833236694336,,,,,,,76.60749816894531,,,,,,,77.59819793701172,,,,,,,76.60749816894531,,,,,,,76.6875,,,,,,,218871
2024-04-18,,,,,,,75.56781768798828,,,,,,,76.79499816894531,,,,,,,76.9625015258789,,,,,,,76.26210021972656,,,,,,,76.63500213623047,,,,,,,176650
2024-04-19,,,,,,,75.05120849609375,,,,,,,76.2699966430664,,,,,,,76.37750244140625,,,,,,,75.71869659423828,,,,,,,76.00749969482422,,,,,,,239501
2024-04-22,,,,,,,75.31443786621094,,,,,,,76.5374984741211,,,,,,,77.00250244140625,,,,,,,76.30999755859375,,,,,,,76.37999725341797,,,,,,,502227
2024-04-23,,,,,,,75.863037109375,,,,,,,77.09500122070312,,,,,,,77.30000305175781,,,,,,,76.64250183105469,,,,,,,77.01249694824219,,,,,,,222921
2024-04-24,,,,,,,75.98356628417969,,,,,,,77.21749877929688,,,,,,,77.55000305175781,,,,,,,77.05999755859375,,,,,,,77.4800033569336,,,,,,,255995
2024-04-25,,,,,,,74.81751251220703,,,,,,,76.03250122070312,,,,,,,76.86940002441406,,,,,,,75.81999969482422,,,,,,,76.50250244140625,,,,,,,230076
2024-04-26,,,,,,,76.34150695800781,,,,,,,77.58125305175781,,,,,,,77.73249816894531,,,,,,,76.66690063476562,,,,,,,77.19999694824219,,,,,,,282900
2024-04-29,,,,,,,75.92207336425781,,,,,,,77.15499877929688,,,,,,,77.78579711914062,,,,,,,77.13279724121094,,,,,,,77.40750122070312,,,,,,,230488
2024-04-30,,,,,,,75.703125,,,,,,,76.93250274658203,,,,,,,77.6187973022461,,,,,,,76.75849914550781,,,,,,,77.3125,,,,,,,239938
2024-05-01,,,,,,,75.03399658203125,,,,,,,76.25250244140625,,,,,,,76.50749969482422,,,,,,,75.69750213623047,,,,,,,76.44499969482422,,,,,,,302244
2024-05-02,,,,,,,75.1520767211914,,,,,,,76.37249755859375,,,,,,,76.95140075683594,,,,,,,76.10250091552734,,,,,,,76.34249877929688,,,,,,,269344
2024-05-03,,,,,,,76.01062774658203,,,,,,,77.24500274658203,,,,,,,80.19999694824219,,,,,,,76.34120178222656,,,,,,,76.7925033569336,,,,,,,281859
2024-05-07,,,,,,,77.21852111816406,,,,,,,78.47250366210938,,,,,,,78.55750274658203,,,,,,,77.79850006103516,,,,,,,78.31749725341797,,,,,,,259514
2024-05-08,,,,,,,77.43746948242188,,,,,,,78.69499969482422,,,,,,,78.92250061035156,,,,,,,78.47000122070312,,,,,,,78.77749633789062,,,,,,,241226
2024-05-09,,,,,,,77.60967254638672,,,,,,,78.87000274658203,,,,,,,79.04149627685547,,,,,,,78.5625,,,,,,,78.68000030517578,,,,,,,158791
2024-05-10,,,,,,,77.79908752441406,,,,,,,79.0625,,,,,,,79.31320190429688,,,,,,,78.99749755859375,,,,,,,78.99749755859375,,,,,,,197319
2024-05-13,,,,,,,77.61705017089844,,,,,,,78.87750244140625,,,,,,,79.71109771728516,,,,,,,78.77950286865234,,,,,,,79.1500015258789,,,,,,,161610
2024-05-14,,,,,,,77.52603149414062,,,,,,,78.78500366210938,,,,,,,79.19999694824219,,,,,,,78.42669677734375,,,,,,,78.875,,,,,,,190382
2024-05-15,,,,,,,77.94669342041016,,,,,,,79.2125015258789,,,,,,,79.31500244140625,,,,,,,78.7051010131836,,,,,,,79.08999633789062,,,,,,,257221
2024-05-16,,,,,,,78.41902923583984,,,,,,,79.69249725341797,,,,,,,79.93399810791016,,,,,,,79.35430145263672,,,,,,,79.52749633789062,,,,,,,199159
2024-05-17,,,,,,,77.84829711914062,,,,,,,79.11250305175781,,,,,,,79.97010040283203,,,,,,,78.90979766845703,,,,,,,79.40750122070312,,,,,,,116425
2024-05-20,,,,,,,78.2517318725586,,,,,,,79.52249908447266,,,,,,,79.67230224609375,,,,,,,78.96150207519531,,,,,,,79.35250091552734,,,,,,,231441
2024-05-21,,,,,,,78.05984497070312,,,,,,,79.32749938964844,,,,,,,79.66709899902344,,,,,,,78.86160278320312,,,,,,,79.29499816894531,,,,,,,167531
2024-05-22,,,,,,,78.05984497070312,,,,,,,79.32749938964844,,,,,,,79.44249725341797,,,,,,,78.7748031616211,,,,,,,79.16999816894531,,,,,,,189798
2024-05-23,,,,,,,78.09185028076172,,,,,,,79.36000061035156,,,,,,,80.13829803466797,,,,,,,79.11630249023438,,,,,,,79.59750366210938,,,,,,,147473
2024-05-24,,,,,,,77.7351303100586,,,,,,,78.99749755859375,,,,,,,79.36280059814453,,,,,,,78.4573974609375,,,,,,,78.8125,,,,,,,185018
2024-05-28,,,,,,,77.55309295654297,,,,,,,78.8125,,,,,,,79.45850372314453,,,,,,,78.69999694824219,,,,,,,78.99749755859375,,,,,,,260372
2024-05-29,,,,,,,77.49896240234375,,,,,,,78.75749969482422,,,,,,,78.89099884033203,,,,,,,77.97339630126953,,,,,,,78.69750213623047,,,,,,,181889
2024-05-30,,,,,,,76.98481750488281,,,,,,,78.23500061035156,,,,,,,78.73999786376953,,,,,,,77.67720031738281,,,,,,,78.3550033569336,,,,,,,175917
2024-05-31,,,,,,,76.43868255615234,,,,,,,77.68000030517578,,,,,,,78.55999755859375,,,,,,,77.5625,,,,,,,78.12999725341797,,,,,,,226440
2024-06-03,,,,,,,76.91839599609375,,,,,,,78.1675033569336,,,,,,,79.12999725341797,,,,,,,78.1675033569336,,,,,,,78.92250061035156,,,,,,,375141
2024-06-04,,,,,,,76.90608215332031,,,,,,,78.15499877929688,,,,,,,78.71749877929688,,,,,,,77.73809814453125,,,,,,,78.27749633789062,,,,,,,211031
2024-06-05,,,,,,,77.93437957763672,,,,,,,79.19999694824219,,,,,,,79.26750183105469,,,,,,,78.30249786376953,,,,,,,78.71749877929688,,,,,,,213292
2024-06-06,,,,,,,78.22222137451172,,,,,,,79.49250030517578,,,,,,,79.99079895019531,,,,,,,78.95670318603516,,,,,,,79.48249816894531,,,,,,,226969
2024-06-07,,,,,,,78.6797866821289,,,,,,,79.9574966430664,,,,,,,80.12999725341797,,,,,,,79.0969009399414,,,,,,,79.58999633789062,,,,,,,297964
2024-06-10,,,,,,,78.58385467529297,,,,,,,79.86000061035156,,,,,,,79.94750213623047,,,,,,,79.62249755859375,,,,,,,79.74500274658203,,,,,,,232346
2024-06-11,,,,,,,78.60844421386719,,,,,,,79.88500213623047,,,,,,,80.10250091552734,,,,,,,79.53250122070312,,,,,,,80.04000091552734,,,,,,,208260
2024-06-12,,,,,,,79.13243865966797,,,,,,,80.4175033569336,,,,,,,81.0,,,,,,,80.0,,,,,,,80.19000244140625,,,,,,,154845
2024-06-13,,,,,,,79.35004425048828,,,,,,,80.43499755859375,,,,,,,80.67250061035156,,,,,,,79.98410034179688,,,,,,,80.57749938964844,,,,,,,168264
2024-06-14,,,,,,,79.89015197753906,,,,,,,80.98249816894531,,,,,,,81.35240173339844,,,,,,,80.2030029296875,,,,,,,80.85250091552734,,,,,,,194499
2024-06-17,,,,,,,80.14910888671875,,,,,,,81.24500274658203,,,,,,,81.93340301513672,,,,,,,80.57340240478516,,,,,,,81.24749755859375,,,,,,,236109
2024-06-18,,,,,,,80.63990783691406,,,,,,,81.74250030517578,,,,,,,82.22750854492188,,,,,,,81.20960998535156,,,,,,,81.69750213623047,,,,,,,197384
2024-06-19,,,,,,,80.68183898925781,,,,,,,81.78500366210938,,,,,,,82.25570678710938,,,,,,,81.28160095214844,,,,,,,81.81500244140625,,,,,,,142743
2024-06-20,,,,,,,81.04930877685547,,,,,,,82.15750122070312,,,,,,,82.55259704589844,,,,,,,81.77420043945312,,,,,,,82.10749816894531,,,,,,,208998
2024-06-21,,,,,,,80.93092346191406,,,,,,,82.0374984741211,,,,,,,82.36820983886719,,,,,,,81.68630981445312,,,,,,,82.0625,,,,,,,178572
2024-06-24,,,,,,,80.79774475097656,,,,,,,81.90249633789062,,,,,,,90.1500015258789,,,,,,,81.45159912109375,,,,,,,81.94750213623047,,,,,,,178027
2024-06-25,,,,,,,80.58316802978516,,,,,,,81.68499755859375,,,,,,,81.78700256347656,,,,,,,80.92140197753906,,,,,,,81.50749969482422,,,,,,,149180
2024-06-26,,,,,,,80.8470687866211,,,,,,,81.95249938964844,,,,,,,82.5875015258789,,,,,,,81.54389953613281,,,,,,,81.8949966430664,,,,,,,248322
2024-06-27,,,,,,,80.89885711669922,,,,,,,82.00499725341797,,,,,,,82.35340118408203,,,,,,,81.75740051269531,,,,,,,82.02749633789062,,,,,,,325330
2024-06-28,,,,,,,81.39210510253906,,,,,,,82.50499725341797,,,,,,,82.99819946289062,,,,,,,81.95709991455078,,,,,,,82.49250030517578,,,,,,,2329339
2024-07-01,,,,,,,80.80020904541016,,,,,,,81.90499877929688,,,,,,,82.34030151367188,,,,,,,81.39939880371094,,,,,,,81.90249633789062,,,,,,,387398
2024-07-02,,,,,,,80.83720397949219,,,,,,,81.94249725341797,,,,,,,82.22229766845703,,,,,,,81.54499816894531,,,,,,,81.94249725341797,,,,,,,248657
2024-07-03,,,,,,,80.92845916748047,,,,,,,82.03500366210938,,,,,,,82.59049987792969,,,,,,,81.80000305175781,,,,,,,82.3125,,,,,,,217062
2024-07-04,,,,,,,81.07643127441406,,,,,,,82.18499755859375,,,,,,,82.64759826660156,,,,,,,81.91089630126953,,,,,,,82.2874984741211,,,,,,,129513
2024-07-05,,,,,,,81.02957153320312,,,,,,,82.13749694824219,,,,,,,82.49259948730469,,,,,,,81.7219009399414,,,,,,,82.27749633789062,,,,,,,161290
2024-07-08,,,,,,,81.20468139648438,,,,,,,82.31500244140625,,,,,,,82.6272964477539,,,,,,,81.90609741210938,,,,,,,82.31999969482422,,,,,,,461103
2024-07-09,,,,,,,81.64736938476562,,,,,,,82.76374816894531,,,,,,,83.18000030517578,,,,,,,82.14140319824219,,,,,,,82.5999984741211,,,,,,,396963
2024-07-10,,,,,,,81.5006332397461,,,,,,,82.61499786376953,,,,,,,83.06050109863281,,,,,,,82.20500183105469,,,,,,,82.6875,,,,,,,126835
2024-07-11,,,,,,,81.00984954833984,,,,,,,82.11750030517578,,,,,,,83.38739776611328,,,,,,,82.08999633789062,,,,,,,83.04750061035156,,,,,,,152998
2024-07-12,,,,,,,81.1454849243164,,,,,,,82.25499725341797,,,,,,,82.45950317382812,,,,,,,81.5,,,,,,,82.14250183105469,,,,,,,241779
2024-07-15,,,,,,,81.42911529541016,,,,,,,82.5425033569336,,,,,,,82.74500274658203,,,,,,,81.97000122070312,,,,,,,82.3375015258789,,,,,,,297814
2024-07-16,,,,,,,81.56228637695312,,,,,,,82.67749786376953,,,,,,,82.91999816894531,,,,,,,82.05400085449219,,,,,,,82.5199966430664,,,,,,,260864
2024-07-17,,,,,,,80.5881118774414,,,,,,,81.69000244140625,,,,,,,82.38749694824219,,,,,,,81.52249908447266,,,,,,,82.38249969482422,,,,,,,342243
2024-07-18,,,,,,,80.14417266845703,,,,,,,81.23999786376953,,,,,,,82.0824966430664,,,,,,,81.23999786376953,,,,,,,81.9175033569336,,,,,,,222139
2024-07-19,,,,,,,79.89015197753906,,,,,,,80.98249816894531,,,,,,,81.6050033569336,,,,,,,80.95249938964844,,,,,,,81.3324966430664,,,,,,,109428
2024-07-22,,,,,,,80.14910888671875,,,,,,,81.24500274658203,,,,,,,81.74929809570312,,,,,,,80.7156982421875,,,,,,,81.07250213623047,,,,,,,324358
2024-07-23,,,,,,,80.89147186279297,,,,,,,81.99749755859375,,,,,,,82.00749969482422,,,,,,,81.41000366210938,,,,,,,81.55000305175781,,,,,,,216681
2024-07-24,,,,,,,79.1404037475586,,,,,,,80.22250366210938,,,,,,,81.39250183105469,,,,,,,79.99749755859375,,,,,,,81.2074966430664,,,,,,,291768
2024-07-25,,,,,,,79.19467163085938,,,,,,,80.27749633789062,,,,,,,80.41999816894531,,,,,,,79.45999908447266,,,,,,,80.1050033569336,,,,,,,234387
2024-07-26,,,,,,,79.30811309814453,,,,,,,80.39250183105469,,,,,,,80.64749908447266,,,,,,,79.96499633789062,,,,,,,80.0250015258789,,,,,,,333594
2024-07-29,,,,,,,79.32290649414062,,,,,,,80.40750122070312,,,,,,,81.34739685058594,,,,,,,80.37020111083984,,,,,,,80.9175033569336,,,,,,,400339
2024-07-30,,,,,,,79.27851867675781,,,,,,,80.36250305175781,,,,,,,81.33159637451172,,,,,,,80.26750183105469,,,,,,,80.7074966430664,,,,,,,212913
2024-07-31,,,,,,,80.58070373535156,,,,,,,81.68250274658203,,,,,,,81.68250274658203,,,,,,,80.91999816894531,,,,,,,80.9800033569336,,,,,,,328631
2024-08-01,,,,,,,80.25763702392578,,,,,,,81.3550033569336,,,,,,,82.5999984741211,,,,,,,81.04090118408203,,,,,,,82.11499786376953,,,,,,,458668
2024-08-02,,,,,,,77.66556549072266,,,,,,,78.72750091552734,,,,,,,80.7249984741211,,,,,,,78.4625015258789,,,,,,,80.36250305175781,,,,,,,443235
2024-08-05,,,,,,,76.5261459350586,,,,,,,77.57250213623047,,,,,,,78.02169799804688,,,,,,,75.69000244140625,,,,,,,77.41000366210938,,,,,,,1116811
2024-08-06,,,,,,,77.41646575927734,,,,,,,78.4749984741211,,,,,,,78.79000091552734,,,,,,,77.54100036621094,,,,,,,77.93499755859375,,,,,,,817160
2024-08-07,,,,,,,78.12922668457031,,,,,,,79.19750213623047,,,,,,,79.5425033569336,,,,,,,78.50250244140625,,,,,,,78.64749908447266,,,,,,,396395
2024-08-08,,,,,,,77.86040496826172,,,,,,,78.92500305175781,,,,,,,79.09249877929688,,,,,,,77.34750366210938,,,,,,,77.72250366210938,,,,,,,353229
2024-08-09,,,,,,,78.08483123779297,,,,,,,79.15249633789062,,,,,,,79.59639739990234,,,,,,,78.75270080566406,,,,,,,79.1050033569336,,,,,,,201789
2024-08-12,,,,,,,78.24514770507812,,,,,,,79.31500244140625,,,,,,,79.72250366210938,,,,,,,79.10250091552734,,,,,,,79.4625015258789,,,,,,,356455
2024-08-13,,,,,,,78.82966613769531,,,,,,,79.90750122070312,,,,,,,79.98500061035156,,,,,,,79.2750015258789,,,,,,,79.5250015258789,,,,,,,192678
2024-08-14,,,,,,,79.43142700195312,,,,,,,80.51750183105469,,,,,,,80.51750183105469,,,,,,,79.92500305175781,,,,,,,80.33000183105469,,,,,,,210213
2024-08-15,,,,,,,80.46479797363281,,,,,,,81.56500244140625,,,,,,,81.8125,,,,,,,80.40499877929688,,,,,,,80.68250274658203,,,,,,,255461
2024-08-16,,,,,,,80.39328002929688,,,,,,,81.49250030517578,,,,,,,82.222900390625,,,,,,,81.1050033569336,,,,,,,81.90249633789062,,,,,,,295834
2024-08-19,,,,,,,80.45369720458984,,,,,,,81.55374908447266,,,,,,,81.67250061035156,,,,,,,80.91069793701172,,,,,,,81.24500274658203,,,,,,,216267
2024-08-20,,,,,,,80.48945617675781,,,,,,,81.58999633789062,,,,,,,82.2948989868164,,,,,,,81.41999816894531,,,,,,,82.0,,,,,,,181831
2024-08-21,,,,,,,80.37601470947266,,,,,,,81.4749984741211,,,,,,,81.94509887695312,,,,,,,81.28500366210938,,,,,,,81.67250061035156,,,,,,,153543
2024-08-22,,,,,,,80.1639175415039,,,,,,,81.26000213623047,,,,,,,81.9574966430664,,,,,,,81.26000213623047,,,,,,,81.55500030517578,,,,,,,152592
2024-08-23,,,,,,,79.76683807373047,,,,,,,80.85749816894531,,,,,,,81.3550033569336,,,,,,,80.44499969482422,,,,,,,80.97250366210938,,,,,,,145357
2024-08-27,,,,,,,79.47335052490234,,,,,,,80.55999755859375,,,,,,,80.90750122070312,,,,,,,80.28751373291016,,,,,,,80.8324966430664,,,,,,,256620
2024-08-28,,,,,,,79.29824829101562,,,,,,,80.38249969482422,,,,,,,81.13749694824219,,,,,,,80.3102035522461,,,,,,,80.7750015258789,,,,,,,265764
2024-08-29,,,,,,,80.10472106933594,,,,,,,81.19999694824219,,,,,,,81.41500854492188,,,,,,,80.22000122070312,,,,,,,80.25749969482422,,,,,,,201589
2024-08-30,,,,,,,79.8284912109375,,,,,,,80.91999816894531,,,,,,,81.33999633789062,,,,,,,80.46810913085938,,,,,,,80.81749725341797,,,,,,,229863
2024-09-02,,,,,,,80.49685668945312,,,,,,,81.59750366210938,,,,,,,81.80751037597656,,,,,,,81.10381317138672,,,,,,,81.44249725341797,,,,,,,220122
2024-09-03,,,,,,,79.75943756103516,,,,,,,80.8499984741211,,,,,,,81.78751373291016,,,,,,,80.60001373291016,,,,,,,81.69249725341797,,,,,,,228020
2024-09-04,,,,,,,78.7729263305664,,,,,,,79.8499984741211,,,,,,,80.23001098632812,,,,,,,79.302001953125,,,,,,,79.66500091552734,,,,,,,206645
2024-09-05,,,,,,,78.169921875,,,,,,,79.2387466430664,,,,,,,80.0525131225586,,,,,,,79.19999694824219,,,,,,,79.62249755859375,,,,,,,146388
2024-09-06,,,,,,,77.38195037841797,,,,,,,78.44000244140625,,,,,,,79.72501373291016,,,,,,,78.28250122070312,,,,,,,79.04499816894531,,,,,,,187219
2024-09-09,,,,,,,78.18841552734375,,,,,,,79.25749969482422,,,,,,,79.41251373291016,,,,,,,78.75749969482422,,,,,,,78.78500366210938,,,,,,,322287
2024-09-10,,,,,,,78.56329345703125,,,,,,,79.63749694824219,,,,,,,79.91751098632812,,,,,,,79.17250061035156,,,,,,,79.26000213623047,,,,,,,230906
2024-09-11,,,,,,,78.14895629882812,,,,,,,79.21749877929688,,,,,,,79.97456359863281,,,,,,,78.92500305175781,,,,,,,79.55500030517578,,,,,,,180449
2024-09-12,,,,,,,79.66988372802734,,,,,,,80.5374984741211,,,,,,,81.0,,,,,,,80.34500122070312,,,,,,,80.7750015258789,,,,,,,184169
2024-09-13,,,,,,,80.26094818115234,,,,,,,81.13500213623047,,,,,,,81.17250061035156,,,,,,,80.68499755859375,,,,,,,80.7699966430664,,,,,,,130341
2024-09-16,,,,,,,79.77127838134766,,,,,,,80.63999938964844,,,,,,,81.22779846191406,,,,,,,80.44999694824219,,,,,,,80.9175033569336,,,,,,,146272
2024-09-17,,,,,,,80.53050994873047,,,,,,,81.40750122070312,,,,,,,81.51499938964844,,,,,,,80.85001373291016,,,,,,,80.86250305175781,,,,,,,170118
2024-09-18,,,,,,,79.9097671508789,,,,,,,80.77999877929688,,,,,,,81.40249633789062,,,,,,,80.55500793457031,,,,,,,81.23750305175781,,,,,,,134571
2024-09-19,,,,,,,80.67642211914062,,,,,,,81.55500030517578,,,,,,,81.93251037597656,,,,,,,81.1875,,,,,,,81.31500244140625,,,,,,,295386
2024-09-20,,,,,,,80.29804229736328,,,,,,,81.17250061035156,,,,,,,81.4275131225586,,,,,,,81.02249908447266,,,,,,,81.1675033569336,,,,,,,204314
2024-09-23,,,,,,,80.32524871826172,,,,,,,81.19999694824219,,,,,,,81.89250183105469,,,,,,,81.05999755859375,,,,,,,81.3550033569336,,,,,,,179947
2024-09-24,,,,,,,80.22632598876953,,,,,,,81.0999984741211,,,,,,,81.3949966430664,,,,,,,80.65750122070312,,,,,,,81.33999633789062,,,,,,,155385
2024-09-25,,,,,,,80.46372985839844,,,,,,,81.33999633789062,,,,,,,81.42500305175781,,,,,,,80.84750366210938,,,,,,,80.89749908447266,,,,,,,169096
2024-09-26,,,,,,,80.1323471069336,,,,,,,81.00499725341797,,,,,,,81.99749755859375,,,,,,,81.00250244140625,,,,,,,81.86499786376953,,,,,,,214155
2024-09-27,,,,,,,80.47362518310547,,,,,,,81.3499984741211,,,,,,,81.55999755859375,,,,,,,81.23500061035156,,,,,,,81.28250122070312,,,,,,,203778
2024-09-30,,,,,,,80.19912719726562,,,,,,,81.07250213623047,,,,,,,81.29750061035156,,,,,,,80.66500854492188,,,,,,,81.14749908447266,,,,,,,410421
2024-10-01,,,,,,,80.58244323730469,,,,,,,81.45999908447266,,,,,,,82.0,,,,,,,81.02999877929688,,,,,,,81.5824966430664,,,,,,,680851
2024-10-02,,,,,,,80.78524780273438,,,,,,,81.66500091552734,,,,,,,81.78250122070312,,,,,,,81.07000732421875,,,,,,,81.27249908447266,,,,,,,359873
2024-10-03,,,,,,,81.5395278930664,,,,,,,82.42749786376953,,,,,,,82.69999694824219,,,,,,,81.81500244140625,,,,,,,82.02249908447266,,,,,,,225671
2024-10-04,,,,,,,81.69037628173828,,,,,,,82.58000183105469,,,,,,,83.39750671386719,,,,,,,82.0,,,,,,,82.1675033569336,,,,,,,539089
2024-10-07,,,,,,,82.23445892333984,,,,,,,83.12999725341797,,,,,,,83.3324966430664,,,,,,,82.8025131225586,,,,,,,82.93000030517578,,,,,,,396461
2024-10-08,,,,,,,82.26908111572266,,,,,,,83.16500091552734,,,,,,,83.2400131225586,,,,,,,82.47000122070312,,,,,,,82.59249877929688,,,,,,,223230
2024-10-09,,,,,,,82.90465545654297,,,,,,,83.80750274658203,,,,,,,83.80750274658203,,,,,,,83.10501098632812,,,,,,,83.25250244140625,,,,,,,176566
2024-10-10,,,,,,,83.13465118408203,,,,,,,84.04000091552734,,,,,,,84.2400131225586,,,,,,,83.64250183105469,,,,,,,83.91999816894531,,,,,,,274528
2024-10-11,,,,,,,83.37947845458984,,,,,,,84.2874984741211,,,,,,,84.36750793457031,,,,,,,83.67500305175781,,,,,,,83.9800033569336,,,,,,,218925
2024-10-14,,,,,,,84.01011657714844,,,,,,,84.92500305175781,,,,,,,85.14250183105469,,,,,,,84.33999633789062,,,,,,,84.36000061035156,,,,,,,251533
2024-10-15,,,,,,,83.70098114013672,,,,,,,84.61250305175781,,,,,,,90.0,,,,,,,84.5,,,,,,,85.20249938964844,,,,,,,261182
2024-10-16,,,,,,,84.00022888183594,,,,,,,84.91500091552734,,,,,,,85.0,,,,,,,84.53500366210938,,,,,,,84.9749984741211,,,,,,,326585
2024-10-17,,,,,,,84.49484252929688,,,,,,,85.41500091552734,,,,,,,86.06500244140625,,,,,,,85.22501373291016,,,,,,,85.43000030517578,,,,,,,255016
2024-10-18,,,,,,,84.26979064941406,,,,,,,85.1875,,,,,,,85.24250793457031,,,,,,,84.83750915527344,,,,,,,84.91500091552734,,,,,,,224657
2024-10-21,,,,,,,84.1708755493164,,,,,,,85.0875015258789,,,,,,,85.4900131225586,,,,,,,85.02999877929688,,,,,,,85.29000091552734,,,,,,,290725
2024-10-22,,,,,,,84.41818237304688,,,,,,,85.3375015258789,,,,,,,85.4574966430664,,,,,,,85.06500244140625,,,,,,,85.22250366210938,,,,,,,568739
2024-10-23,,,,,,,84.15603637695312,,,,,,,85.07250213623047,,,,,,,85.63250732421875,,,,,,,85.06749725341797,,,,,,,85.45249938964844,,,,,,,476122
2024-10-24,,,,,,,84.06452941894531,,,,,,,84.9800033569336,,,,,,,85.49501037597656,,,,,,,84.80000305175781,,,,,,,85.15750122070312,,,,,,,261883
2024-10-25,,,,,,,84.43797302246094,,,,,,,85.35749816894531,,,,,,,85.59500122070312,,,,,,,84.97000122070312,,,,,,,85.08000183105469,,,,,,,341704
2024-10-28,,,,,,,84.19807434082031,,,,,,,85.11499786376953,,,,,,,87.18000030517578,,,,,,,85.00750732421875,,,,,,,85.38500213623047,,,,,,,428721
2024-10-29,,,,,,,84.16840362548828,,,,,,,85.08499908447266,,,,,,,85.25250244140625,,,,,,,84.70249938964844,,,,,,,85.2125015258789,,,,,,,404174
2024-10-30,,,,,,,84.2969970703125,,,,,,,85.21499633789062,,,,,,,86.69999694824219,,,,,,,84.98001098632812,,,,,,,85.2249984741211,,,,,,,220425
2024-10-31,,,,,,,83.56002807617188,,,,,,,84.47000122070312,,,,,,,84.875,,,,,,,84.11000061035156,,,,,,,84.2925033569336,,,,,,,377569
2024-11-01,,,,,,,83.40669250488281,,,,,,,84.31500244140625,,,,,,,84.44999694824219,,,,,,,83.79499816894531,,,,,,,84.11000061035156,,,,,,,270510
2024-11-04,,,,,,,82.87992858886719,,,,,,,83.78250122070312,,,,,,,84.10001373291016,,,,,,,83.42500305175781,,,,,,,83.83000183105469,,,,,,,236964
2024-11-05,,,,,,,83.17916107177734,,,,,,,84.08499908447266,,,,,,,84.21000671386719,,,,,,,83.41251373291016,,,,,,,83.6449966430664,,,,,,,190386
2024-11-06,,,,,,,85.95889282226562,,,,,,,86.8949966430664,,,,,,,87.46499633789062,,,,,,,86.51249694824219,,,,,,,86.76000213623047,,,,,,,543394
2024-11-07,,,,,,,86.20867919921875,,,,,,,87.14749908447266,,,,,,,87.57749938964844,,,,,,,86.87001037597656,,,,,,,87.07250213623047,,,,,,,266169
2024-11-08,,,,,,,87.08413696289062,,,,,,,88.03250122070312,,,,,,,88.0625,,,,,,,87.2400131225586,,,,,,,87.49250030517578,,,,,,,301913
2024-11-11,,,,,,,87.63810729980469,,,,,,,88.59249877929688,,,,,,,88.8025131225586,,,,,,,88.39749908447266,,,,,,,88.44249725341797,,,,,,,382617
2024-11-12,,,,,,,88.197021484375,,,,,,,89.15750122070312,,,,,,,89.18000793457031,,,,,,,88.625,,,,,,,88.8324966430664,,,,,,,337134
2024-11-13,,,,,,,88.48884582519531,,,,,,,89.45249938964844,,,,,,,89.48249816894531,,,,,,,88.8125,,,,,,,88.9749984741211,,,,,,,249398
2024-11-14,,,,,,,88.3379898071289,,,,,,,89.30000305175781,,,,,,,90.22750854492188,,,,,,,89.10250854492188,,,,,,,89.54750061035156,,,,,,,280941
2024-11-15,,,,,,,87.39080047607422,,,,,,,88.34249877929688,,,,,,,88.97000122070312,,,,,,,88.22250366210938,,,,,,,88.68250274658203,,,,,,,215742
2024-11-18,,,,,,,87.64552307128906,,,,,,,88.5999984741211,,,,,,,88.62001037597656,,,,,,,88.010009765625,,,,,,,88.38249969482422,,,,,,,309400
2024-11-19,,,,,,,87.52434539794922,,,,,,,88.47750091552734,,,,,,,88.52749633789062,,,,,,,87.61209869384766,,,,,,,88.43000030517578,,,,,,,175310
2024-11-20,,,,,,,87.28199005126953,,,,,,,88.23249816894531,,,,,,,88.91500854492188,,,,,,,87.90750122070312,,,,,,,88.63249969482422,,,,,,,211300
2024-11-21,,,,,,,88.55561828613281,,,,,,,89.5199966430664,,,,,,,89.5199966430664,,,,,,,88.43499755859375,,,,,,,88.60250091552734,,,,,,,1006539
2024-11-22,,,,,,,89.35442352294922,,,,,,,90.32749938964844,,,,,,,90.91000366210938,,,,,,,89.58750915527344,,,,,,,89.875,,,,,,,451467
2024-11-25,,,,,,,89.52754211425781,,,,,,,90.50250244140625,,,,,,,90.83750915527344,,,,,,,90.27749633789062,,,,,,,90.5374984741211,,,,,,,418663
2024-11-26,,,,,,,89.93312072753906,,,,,,,90.9124984741211,,,,,,,90.94000244140625,,,,,,,90.24501037597656,,,,,,,90.51249694824219,,,,,,,214298
2024-11-27,,,,,,,88.8548583984375,,,,,,,89.82250213623047,,,,,,,99.9574966430664,,,,,,,89.72501373291016,,,,,,,90.77999877929688,,,,,,,298128
2024-11-28,,,,,,,89.10464477539062,,,,,,,90.07499694824219,,,,,,,91.62000274658203,,,,,,,90.0,,,,,,,90.13500213623047,,,,,,,163359
2024-11-29,,,,,,,89.23571014404297,,,,,,,90.2074966430664,,,,,,,90.22250366210938,,,,,,,89.66751098632812,,,,,,,89.73249816894531,,,,,,,142241
2024-12-02,,,,,,,89.80946350097656,,,,,,,90.7874984741211,,,,,,,90.98750305175781,,,,,,,89.9574966430664,,,,,,,90.2249984741211,,,,,,,336609
2024-12-03,,,,,,,89.66850280761719,,,,,,,90.6449966430664,,,,,,,90.90000915527344,,,,,,,90.447509765625,,,,,,,90.69249725341797,,,,,,,177462
2024-12-04,,,,,,,89.73773956298828,,,,,,,90.71499633789062,,,,,,,91.53250122070312,,,,,,,90.62000274658203,,,,,,,90.75,,,,,,,210170
2024-12-05,,,,,,,89.63636016845703,,,,,,,90.61250305175781,,,,,,,90.98500061035156,,,,,,,90.46749877929688,,,,,,,90.73249816894531,,,,,,,166563
2024-12-06,,,,,,,89.72537231445312,,,,,,,90.70249938964844,,,,,,,91.25,,,,,,,90.0199966430664,,,,,,,90.38749694824219,,,,,,,188103
2024-12-09,,,,,,,89.14668273925781,,,,,,,90.11750030517578,,,,,,,90.71499633789062,,,,,,,89.875,,,,,,,90.69499969482422,,,,,,,186171
2024-12-10,,,,,,,89.21345520019531,,,,,,,90.18499755859375,,,,,,,90.5,,,,,,,90.05999755859375,,,,,,,90.23500061035156,,,,,,,171996
2024-12-11,,,,,,,89.67591857910156,,,,,,,90.65249633789062,,,,,,,90.66999816894531,,,,,,,89.97501373291016,,,,,,,90.09750366210938,,,,,,,193000
2024-12-12,,,,,,,89.86312866210938,,,,,,,90.5999984741211,,,,,,,90.91751098632812,,,,,,,90.15249633789062,,,,,,,90.20500183105469,,,,,,,152590
2024-12-13,,,,,,,90.08383178710938,,,,,,,90.82250213623047,,,,,,,91.14750671386719,,,,,,,90.58999633789062,,,,,,,91.0,,,,,,,148420
2024-12-16,,,,,,,89.89537048339844,,,,,,,90.63249969482422,,,,,,,90.9900131225586,,,,,,,90.54750061035156,,,,,,,90.81500244140625,,,,,,,267595
2024-12-17,,,,,,,89.5308609008789,,,,,,,90.26499938964844,,,,,,,90.69000244140625,,,,,,,90.00250244140625,,,,,,,90.37999725341797,,,,,,,372867
2024-12-18,,,,,,,89.7540283203125,,,,,,,90.48999786376953,,,,,,,90.71250915527344,,,,,,,90.15000915527344,,,,,,,90.46499633789062,,,,,,,190548
2024-12-19,,,,,,,88.4819564819336,,,,,,,89.2074966430664,,,,,,,89.37750244140625,,,,,,,88.11250305175781,,,,,,,88.55249786376953,,,,,,,385982
2024-12-20,,,,,,,88.96054077148438,,,,,,,89.69000244140625,,,,,,,89.69999694824219,,,,,,,87.82000732421875,,,,,,,88.7699966430664,,,,,,,361975
2024-12-23,,,,,,,89.07460021972656,,,,,,,89.80500030517578,,,,,,,90.21650695800781,,,,,,,89.3025131225586,,,,,,,89.92250061035156,,,,,,,281048
2024-12-24,,,,,,,89.58045959472656,,,,,,,90.31500244140625,,,,,,,90.59030151367188,,,,,,,90.23001098632812,,,,,,,90.4574966430664,,,,,,,109786
2024-12-27,,,,,,,89.14651489257812,,,,,,,89.87750244140625,,,,,,,91.2400131225586,,,,,,,89.55500793457031,,,,,,,91.0625,,,,,,,316194
2024-12-30,,,,,,,88.67289733886719,,,,,,,89.4000015258789,,,,,,,89.95249938964844,,,,,,,88.65000915527344,,,,,,,89.72000122070312,,,,,,,302784
2024-12-31,,,,,,,88.9059829711914,,,,,,,89.63500213623047,,,,,,,89.85250854492188,,,,,,,89.03500366210938,,,,,,,89.12000274658203,,,,,,,69531
2025-01-02,,,,,,,89.70195770263672,,,,,,,90.4375,,,,,,,94.9000015258789,,,,,,,89.51000213623047,,,,,,,89.53250122070312,,,,,,,411673
2025-01-03,,,,,,,89.69699096679688,,,,,,,90.43250274658203,,,,,,,90.47000122070312,,,,,,,89.7506103515625,,,,,,,89.97750091552734,,,,,,,240901
2025-01-06,,,,,,,90.30699920654297,,,,,,,91.04750061035156,,,,,,,91.20500183105469,,,,,,,90.36250305175781,,,,,,,90.57499694824219,,,,,,,386795
2025-01-07,,,,,,,89.49615478515625,,,,,,,90.2300033569336,,,,,,,90.71250915527344,,,,,,,89.947509765625,,,,,,,90.25749969482422,,,,,,,431157
2025-01-08,,,,,,,89.95487976074219,,,,,,,90.69249725341797,,,,,,,90.910400390625,,,,,,,90.0,,,,,,,90.0199966430664,,,,,,,231335
2025-01-09,,,,,,,90.33675384521484,,,,,,,91.07749938964844,,,,,,,96.13249969482422,,,,,,,90.760009765625,,,,,,,91.1875,,,,,,,223842
2025-01-10,,,,,,,89.60772705078125,,,,,,,90.34249877929688,,,,,,,91.30751037597656,,,,,,,90.03751373291016,,,,,,,91.05750274658203,,,,,,,352304
2025-01-13,,,,,,,89.58045959472656,,,,,,,90.31500244140625,,,,,,,90.68251037597656,,,,,,,90.12750244140625,,,,,,,90.62750244140625,,,,,,,333126
2025-01-14,,,,,,,89.93009185791016,,,,,,,90.6675033569336,,,,,,,92.5,,,,,,,90.47501373291016,,,,,,,90.98249816894531,,,,,,,292955
2025-01-15,,,,,,,91.26414489746094,,,,,,,92.01249694824219,,,,,,,92.01249694824219,,,,,,,90.52749633789062,,,,,,,90.60749816894531,,,,,,,389030
2025-01-16,,,,,,,91.42284393310547,,,,,,,92.17250061035156,,,,,,,93.72000122070312,,,,,,,92.06749725341797,,,,,,,92.74500274658203,,,,,,,353639
2025-01-17,,,,,,,92.63044738769531,,,,,,,93.38999938964844,,,,,,,93.52749633789062,,,,,,,92.47000122070312,,,,,,,92.625,,,,,,,329775
2025-01-20,,,,,,,92.07499694824219,,,,,,,92.83000183105469,,,,,,,93.54499816894531,,,,,,,92.69249725341797,,,,,,,93.21499633789062,,,,,,,315579
2025-01-21,,,,,,,92.08739471435547,,,,,,,92.84249877929688,,,,,,,93.40249633789062,,,,,,,92.71499633789062,,,,,,,92.92500305175781,,,,,,,307599
2025-01-22,,,,,,,93.04950714111328,,,,,,,93.8125,,,,,,,96.0,,,,,,,93.05000305175781,,,,,,,93.37999725341797,,,,,,,397628
2025-01-23,,,,,,,92.89576721191406,,,,,,,93.65750122070312,,,,,,,93.87750244140625,,,,,,,93.27999877929688,,,,,,,93.6675033569336,,,,,,,340931
2025-01-24,,,,,,,92.16178894042969,,,,,,,92.9175033569336,,,,,,,93.77999877929688,,,,,,,92.80000305175781,,,,,,,93.57499694824219,,,,,,,286298
2025-01-27,,,,,,,90.18797302246094,,,,,,,90.92749786376953,,,,,,,91.60001373291016,,,,,,,89.72000122070312,,,,,,,91.55750274658203,,,,,,,504762
2025-01-28,,,,,,,91.32366180419922,,,,,,,92.07250213623047,,,,,,,92.37999725341797,,,,,,,91.40249633789062,,,,,,,91.76750183105469,,,,,,,310013
2025-01-29,,,,,,,91.43028259277344,,,,,,,92.18000030517578,,,,,,,92.80999755859375,,,,,,,92.12999725341797,,,,,,,92.54750061035156,,,,,,,223320
2025-01-30,,,,,,,91.25174713134766,,,,,,,92.0,,,,,,,93.0,,,,,,,91.70249938964844,,,,,,,92.34500122070312,,,,,,,288847
2025-01-31,,,,,,,92.42463684082031,,,,,,,93.18250274658203,,,,,,,93.5,,,,,,,92.875,,,,,,,92.93250274658203,,,,,,,327137
2025-02-03,,,,,,,90.92443084716797,,,,,,,91.66999816894531,,,,,,,91.98500061035156,,,,,,,91.01499938964844,,,,,,,91.63249969482422,,,,,,,569917
2025-02-04,,,,,,,90.9864273071289,,,,,,,91.73249816894531,,,,,,,91.96395111083984,,,,,,,91.19000244140625,,,,,,,91.58999633789062,,,,,,,305257
2025-02-05,,,,,,,90.65414428710938,,,,,,,91.39749908447266,,,,,,,91.55500793457031,,,,,,,90.74250793457031,,,,,,,91.13749694824219,,,,,,,372910
2025-02-06,,,,,,,91.85926818847656,,,,,,,92.61250305175781,,,,,,,93.1875,,,,,,,92.25,,,,,,,92.27999877929688,,,,,,,400434
2025-02-07,,,,,,,91.59765625,,,,,,,92.34874725341797,,,,,,,92.91500854492188,,,,,,,92.19999694824219,,,,,,,92.7074966430664,,,,,,,290366
2025-02-10,,,,,,,92.08243560791016,,,,,,,92.8375015258789,,,,,,,92.95249938964844,,,,,,,92.34500122070312,,,,,,,92.42749786376953,,,,,,,288587
2025-02-11,,,,,,,91.84439849853516,,,,,,,92.59750366210938,,,,,,,92.99250793457031,,,,,,,92.29000854492188,,,,,,,92.88999938964844,,,,,,,242903
2025-02-12,,,,,,,91.3509292602539,,,,,,,92.0999984741211,,,,,,,92.62999725341797,,,,,,,91.86750793457031,,,,,,,92.39250183105469,,,,,,,266804
2025-02-13,,,,,,,91.39309692382812,,,,,,,92.14250183105469,,,,,,,92.43499755859375,,,,,,,91.72000122070312,,,,,,,91.87999725341797,,,,,,,240502
2025-02-14,,,,,,,91.25919342041016,,,,,,,92.00749969482422,,,,,,,92.47772979736328,,,,,,,91.71000671386719,,,,,,,92.45999908447266,,,,,,,148502
2025-02-17,,,,,,,91.42780303955078,,,,,,,92.17749786376953,,,,,,,100.0,,,,,,,92.12750244140625,,,,,,,92.19999694824219,,,,,,,184301
2025-02-18,,,,,,,91.23687744140625,,,,,,,91.98500061035156,,,,,,,92.52250671386719,,,,,,,91.88250732421875,,,,,,,92.33499908447266,,,,,,,274871
2025-02-19,,,,,,,91.69313049316406,,,,,,,92.44499969482422,,,,,,,92.510009765625,,,,,,,92.06500244140625,,,,,,,92.20999908447266,,,,,,,317613
2025-02-20,,,,,,,90.78309631347656,,,,,,,91.52749633789062,,,,,,,92.37001037597656,,,,,,,91.37774658203125,,,,,,,92.34750366210938,,,,,,,320099
2025-02-21,,,,,,,90.57231903076172,,,,,,,91.31500244140625,,,,,,,93.0,,,,,,,91.2074966430664,,,,,,,91.62750244140625,,,,,,,229460
2025-02-24,,,,,,,89.62013244628906,,,,,,,90.3550033569336,,,,,,,93.87999725341797,,,,,,,89.93499755859375,,,,,,,90.6875,,,,,,,396248
2025-02-25,,,,,,,88.04058074951172,,,,,,,88.76249694824219,,,,,,,90.08750915527344,,,,,,,88.635009765625,,,,,,,89.83000183105469,,,,,,,409677
2025-02-26,,,,,,,89.02500915527344,,,,,,,89.75499725341797,,,,,,,90.05500030517578,,,,,,,89.38999938964844,,,,,,,89.73999786376953,,,,,,,263791
2025-02-27,,,,,,,88.91093444824219,,,,,,,89.63999938964844,,,,,,,90.0824966430664,,,,,,,88.92500305175781,,,,,,,89.6500015258789,,,,,,,262444
2025-02-28,,,,,,,87.98851013183594,,,,,,,88.70999908447266,,,,,,,88.98500061035156,,,,,,,88.02999877929688,,,,,,,88.58999633789062,,,,,,,419012
2025-03-03,,,,,,,87.926513671875,,,,,,,88.64749908447266,,,,,,,89.92250061035156,,,,,,,88.50250244140625,,,,,,,89.76750183105469,,,,,,,313122
2025-03-04,,,,,,,85.1492919921875,,,,,,,85.84750366210938,,,,,,,87.63250732421875,,,,,,,85.63250732421875,,,,,,,87.49749755859375,,,,,,,623541
2025-03-05,,,,,,,84.12518310546875,,,,,,,84.81500244140625,,,,,,,86.28500366210938,,,,,,,84.80999755859375,,,,,,,86.09249877929688,,,,,,,479212
2025-03-06,,,,,,,84.68310546875,,,,,,,85.37750244140625,,,,,,,85.760009765625,,,,,,,84.60749816894531,,,,,,,85.5374984741211,,,,,,,368048
2025-03-07,,,,,,,82.99942016601562,,,,,,,83.68000030517578,,,,,,,85.09249877929688,,,,,,,83.51499938964844,,,,,,,84.66999816894531,,,,,,,252416
2025-03-10,,,,,,,82.59771728515625,,,,,,,83.2750015258789,,,,,,,84.55000305175781,,,,,,,82.88999938964844,,,,,,,84.48249816894531,,,,,,,531614
2025-03-11,,,,,,,81.06775665283203,,,,,,,81.73249816894531,,,,,,,83.01249694824219,,,,,,,81.5,,,,,,,82.79000091552734,,,,,,,664456
2025-03-12,,,,,,,81.56616973876953,,,,,,,82.23500061035156,,,,,,,84.0,,,,,,,81.31500244140625,,,,,,,82.11499786376953,,,,,,,613526
2025-03-13,,,,,,,80.6462173461914,,,,,,,81.30750274658203,,,,,,,82.27250671386719,,,,,,,81.15249633789062,,,,,,,81.61250305175781,,,,,,,313455
2025-03-14,,,,,,,81.87364959716797,,,,,,,82.54499816894531,,,,,,,82.80751037597656,,,,,,,81.52749633789062,,,,,,,81.58000183105469,,,,,,,380757
2025-03-17,,,,,,,81.90340423583984,,,,,,,82.57499694824219,,,,,,,83.02999877929688,,,,,,,82.15000915527344,,,,,,,82.30999755859375,,,,,,,331182
2025-03-18,,,,,,,81.49674224853516,,,,,,,82.16500091552734,,,,,,,83.09249877929688,,,,,,,81.87001037597656,,,,,,,82.86750030517578,,,,,,,267084
2025-03-19,,,,,,,82.23072052001953,,,,,,,82.90499877929688,,,,,,,83.09249877929688,,,,,,,82.16251373291016,,,,,,,82.21749877929688,,,,,,,225583
2025-03-20,,,,,,,82.40945434570312,,,,,,,82.8375015258789,,,,,,,83.51750183105469,,,,,,,82.41999816894531,,,,,,,83.2074966430664,,,,,,,326072
2025-03-21,,,,,,,82.36469268798828,,,,,,,82.7925033569336,,,,,,,82.91751098632812,,,,,,,82.06500244140625,,,,,,,82.75749969482422,,,,,,,192309
2025-03-24,,,,,,,84.06336212158203,,,,,,,84.5,,,,,,,84.58999633789062,,,,,,,83.54000854492188,,,,,,,83.59750366210938,,,,,,,341871
2025-03-25,,,,,,,83.85445404052734,,,,,,,84.29000091552734,,,,,,,84.88250732421875,,,,,,,84.25750732421875,,,,,,,84.51750183105469,,,,,,,337468
2025-03-26,,,,,,,83.78977966308594,,,,,,,84.2249984741211,,,,,,,85.10749816894531,,,,,,,84.0625,,,,,,,84.7074966430664,,,,,,,327212
2025-03-27,,,,,,,83.07598876953125,,,,,,,83.50749969482422,,,,,,,83.91751098632812,,,,,,,83.03500366210938,,,,,,,83.77249908447266,,,,,,,244786
2025-03-28,,,,,,,81.4121322631836,,,,,,,81.83499908447266,,,,,,,83.38250732421875,,,,,,,81.74501037597656,,,,,,,82.95249938964844,,,,,,,236138
2025-03-31,,,,,,,80.95948028564453,,,,,,,81.37999725341797,,,,,,,81.5199966430664,,,,,,,80.37999725341797,,,,,,,80.95999908447266,,,,,,,683693
2025-04-01,,,,,,,82.13089752197266,,,,,,,82.55750274658203,,,,,,,82.66120147705078,,,,,,,81.6150131225586,,,,,,,82.19999694824219,,,,,,,263448
2025-04-02,,,,,,,82.18934631347656,,,,,,,82.61624908447266,,,,,,,82.69000244140625,,,,,,,81.5,,,,,,,82.5374984741211,,,,,,,346024
2025-04-03,,,,,,,78.31819915771484,,,,,,,78.7249984741211,,,,,,,79.65750122070312,,,,,,,77.9749984741211,,,,,,,79.37750244140625,,,,,,,813573
2025-04-04,,,,,,,75.45805358886719,,,,,,,75.8499984741211,,,,,,,78.46000671386719,,,,,,,75.0,,,,,,,77.9749984741211,,,,,,,919643
2025-04-07,,,,,,,74.01555633544922,,,,,,,74.4000015258789,,,,,,,78.69999694824219,,,,,,,70.60001373291016,,,,,,,70.84249877929688,,,,,,,1099192
2025-04-08,,,,,,,76.3857421875,,,,,,,76.78250122070312,,,,,,,78.86250305175781,,,,,,,76.0,,,,,,,76.17749786376953,,,,,,,655307
2025-04-09,,,,,,,73.56787109375,,,,,,,73.94999694824219,,,,,,,75.07749938964844,,,,,,,72.10001373291016,,,,,,,73.44750213623047,,,,,,,638945
2025-04-10,,,,,,,76.4056396484375,,,,,,,76.80249786376953,,,,,,,80.43000793457031,,,,,,,76.80249786376953,,,,,,,80.27249908447266,,,,,,,755526
2025-04-11,,,,,,,75.77889251708984,,,,,,,76.17250061035156,,,,,,,81.75,,,,,,,75.5199966430664,,,,,,,77.29750061035156,,,,,,,384017
2025-04-14,,,,,,,77.48751831054688,,,,,,,77.88999938964844,,,,,,,78.85749816894531,,,,,,,77.66500854492188,,,,,,,78.11499786376953,,,,,,,367008
2025-04-15,,,,,,,77.29601287841797,,,,,,,77.69750213623047,,,,,,,78.20500183105469,,,,,,,77.03500366210938,,,,,,,77.6500015258789,,,,,,,267842
2025-04-16,,,,,,,76.40315246582031,,,,,,,76.80000305175781,,,,,,,77.06749725341797,,,,,,,75.78500366210938,,,,,,,76.16999816894531,,,,,,,235468
2025-04-17,,,,,,,75.31131744384766,,,,,,,75.70249938964844,,,,,,,76.822509765625,,,,,,,75.13999938964844,,,,,,,76.27249908447266,,,,,,,184114
2025-04-22,,,,,,,74.2244644165039,,,,,,,74.61000061035156,,,,,,,74.75250244140625,,,,,,,73.5199966430664,,,,,,,73.87750244140625,,,,,,,376304
2025-04-23,,,,,,,76.81103515625,,,,,,,77.20999908447266,,,,,,,82.05999755859375,,,,,,,76.30500793457031,,,,,,,76.43000030517578,,,,,,,343025
2025-04-24,,,,,,,77.21145629882812,,,,,,,77.61250305175781,,,,,,,77.74250793457031,,,,,,,75.88250732421875,,,,,,,76.56500244140625,,,,,,,243378
2025-04-25,,,,,,,77.61436462402344,,,,,,,78.01750183105469,,,,,,,78.72501373291016,,,,,,,77.68000030517578,,,,,,,78.60749816894531,,,,,,,345976
2025-04-28,,,,,,,77.33829498291016,,,,,,,77.73999786376953,,,,,,,78.77500915527344,,,,,,,77.72000122070312,,,,,,,78.61750030517578,,,,,,,316509
2025-04-29,,,,,,,77.73622131347656,,,,,,,78.13999938964844,,,,,,,78.58999633789062,,,,,,,77.72750854492188,,,,,,,78.15499877929688,,,,,,,252977
2025-04-30,,,,,,,77.91529083251953,,,,,,,78.31999969482422,,,,,,,79.91999816894531,,,,,,,77.05999755859375,,,,,,,78.49749755859375,,,,,,,336283
2025-05-01,,,,,,,80.14372253417969,,,,,,,80.55999755859375,,,,,,,80.71000671386719,,,,,,,79.5,,,,,,,80.11750030517578,,,,,,,565111
2025-05-02,,,,,,,80.41979217529297,,,,,,,80.8375015258789,,,,,,,80.99250793457031,,,,,,,79.98249816894531,,,,,,,80.21749877929688,,,,,,,345367
2025-05-06,,,,,,,79.51947021484375,,,,,,,79.93250274658203,,,,,,,85.6875,,,,,,,79.0,,,,,,,80.34750366210938,,,,,,,692413
2025-05-07,,,,,,,79.27572631835938,,,,,,,79.6875,,,,,,,80.26249694824219,,,,,,,79.43251037597656,,,,,,,79.9124984741211,,,,,,,200310
2025-05-08,,,,,,,80.60382843017578,,,,,,,81.02249908447266,,,,,,,81.69000244140625,,,,,,,80.16000366210938,,,,,,,80.92500305175781,,,,,,,388897
2025-05-09,,,,,,,80.34517669677734,,,,,,,80.76249694824219,,,,,,,81.5,,,,,,,80.40750122070312,,,,,,,81.21749877929688,,,,,,,316544
2025-05-12,,,,,,,82.9541244506836,,,,,,,83.38500213623047,,,,,,,84.34500122070312,,,,,,,82.19387817382812,,,,,,,82.24250030517578,,,,,,,476623
2025-05-13,,,,,,,83.75247955322266,,,,,,,84.1875,,,,,,,84.54499816894531,,,,,,,83.510009765625,,,,,,,83.71499633789062,,,,,,,399013
2025-05-14,,,,,,,83.67040252685547,,,,,,,84.1050033569336,,,,,,,84.12001037597656,,,,,,,83.50250244140625,,,,,,,84.0824966430664,,,,,,,485709
2025-05-15,,,,,,,83.83454895019531,,,,,,,84.2699966430664,,,,,,,84.28751373291016,,,,,,,83.47501373291016,,,,,,,83.75250244140625,,,,,,,465905
2025-05-16,,,,,,,84.33942413330078,,,,,,,84.77749633789062,,,,,,,84.94249725341797,,,,,,,84.12999725341797,,,,,,,84.1875,,,,,,,334614
2025-05-19,,,,,,,83.85694122314453,,,,,,,84.2925033569336,,,,,,,84.4375,,,,,,,83.22750854492188,,,,,,,83.87000274658203,,,,,,,452714
2025-05-20,,,,,,,83.9713363647461,,,,,,,84.40750122070312,,,,,,,84.70500183105469,,,,,,,84.16500854492188,,,,,,,84.34249877929688,,,,,,,332253
2025-05-21,,,,,,,83.25505828857422,,,,,,,83.6875,,,,,,,83.91999816894531,,,,,,,83.18000793457031,,,,,,,83.41000366210938,,,,,,,255350
2025-05-22,,,,,,,82.23038482666016,,,,,,,82.65750122070312,,,,,,,83.15000915527344,,,,,,,82.12999725341797,,,,,,,82.77999877929688,,,,,,,407862
2025-05-23,,,,,,,81.12362670898438,,,,,,,81.54499816894531,,,,,,,82.50750732421875,,,,,,,80.71499633789062,,,,,,,82.3949966430664,,,,,,,416225
2025-05-27,,,,,,,82.42437744140625,,,,,,,82.85250091552734,,,,,,,82.85501098632812,,,,,,,82.0,,,,,,,82.19000244140625,,,,,,,541838
2025-05-28,,,,,,,82.79743957519531,,,,,,,83.22750091552734,,,,,,,83.77749633789062,,,,,,,82.9375,,,,,,,83.26000213623047,,,,,,,449672
2025-05-29,,,,,,,82.65318298339844,,,,,,,83.0824966430664,,,,,,,84.50250244140625,,,,,,,82.95249938964844,,,,,,,84.31500244140625,,,,,,,688076
2025-05-30,,,,,,,82.5686264038086,,,,,,,82.99749755859375,,,,,,,83.51499938964844,,,,,,,82.5,,,,,,,83.06500244140625,,,,,,,822551
2025-06-02,,,,,,,82.14582824707031,,,,,,,82.57250213623047,,,,,,,82.98249816894531,,,,,,,82.08000183105469,,,,,,,82.37249755859375,,,,,,,693781
2025-06-03,,,,,,,83.25755310058594,,,,,,,83.69000244140625,,,,,,,83.71749877929688,,,,,,,82.80000305175781,,,,,,,82.9749984741211,,,,,,,602029
2025-06-04,,,,,,,83.26251983642578,,,,,,,83.69499969482422,,,,,,,84.19999694824219,,,,,,,83.48500061035156,,,,,,,83.80999755859375,,,,,,,302585
2025-06-05,,,,,,,83.3048095703125,,,,,,,83.73750305175781,,,,,,,83.96749877929688,,,,,,,83.0,,,,,,,83.65750122070312,,,,,,,550679
2025-06-06,,,,,,,83.68905639648438,,,,,,,84.12374877929688,,,,,,,84.5,,,,,,,83.46499633789062,,,,,,,83.58999633789062,,,,,,,409784
2025-06-09,,,,,,,83.66045379638672,,,,,,,84.09500122070312,,,,,,,89.16999816894531,,,,,,,83.87999725341797,,,,,,,83.92749786376953,,,,,,,289611
2025-06-10,,,,,,,84.01859283447266,,,,,,,84.45500183105469,,,,,,,85.81999969482422,,,,,,,84.31749725341797,,,,,,,84.5250015258789,,,,,,,427279
2025-06-11,,,,,,,84.38170623779297,,,,,,,84.81999969482422,,,,,,,85.34750366210938,,,,,,,84.70500183105469,,,,,,,84.89250183105469,,,,,,,525902
2025-06-12,,,,,,,83.86936950683594,,,,,,,84.30500030517578,,,,,,,84.49749755859375,,,,,,,83.52250671386719,,,,,,,84.2074966430664,,,,,,,888387
2025-06-13,,,,,,,83.551025390625,,,,,,,83.98500061035156,,,,,,,84.447509765625,,,,,,,83.40249633789062,,,,,,,83.6675033569336,,,,,,,452114
2025-06-16,,,,,,,83.97879791259766,,,,,,,84.41500091552734,,,,,,,89.02249908447266,,,,,,,83.81749725341797,,,,,,,83.86499786376953,,,,,,,353925
2025-06-17,,,,,,,84.0708236694336,,,,,,,84.50749969482422,,,,,,,84.65249633789062,,,,,,,83.88749694824219,,,,,,,84.09750366210938,,,,,,,449870
2025-06-18,,,,,,,84.26978302001953,,,,,,,84.7074966430664,,,,,,,84.99501037597656,,,,,,,84.41999816894531,,,,,,,84.57250213623047,,,,,,,498719
2025-06-19,,,,,,,83.40744018554688,,,,,,,83.61000061035156,,,,,,,84.55999755859375,,,,,,,83.45249938964844,,,,,,,84.24749755859375,,,,,,,330466
2025-06-20,,,,,,,83.94862365722656,,,,,,,84.15249633789062,,,,,,,84.52500915527344,,,,,,,83.63999938964844,,,,,,,83.9574966430664,,,,,,,326178
2025-06-23,,,,,,,83.78402709960938,,,,,,,83.98750305175781,,,,,,,84.7074966430664,,,,,,,83.90000915527344,,,,,,,83.98999786376953,,,,,,,447826
2025-06-24,,,,,,,84.38755798339844,,,,,,,84.59249877929688,,,,,,,84.97501373291016,,,,,,,84.2827377319336,,,,,,,84.8499984741211,,,,,,,489133
2025-06-25,,,,,,,84.51973724365234,,,,,,,84.7249984741211,,,,,,,85.09750366210938,,,,,,,84.64299011230469,,,,,,,84.7300033569336,,,,,,,334645
2025-06-26,,,,,,,84.29528045654297,,,,,,,84.5,,,,,,,84.62750244140625,,,,,,,84.17500305175781,,,,,,,84.37000274658203,,,,,,,460728
2025-06-27,,,,,,,85.15070343017578,,,,,,,85.35749816894531,,,,,,,85.5824966430664,,,,,,,84.83500671386719,,,,,,,84.87750244140625,,,,,,,563027
2025-06-30,,,,,,,85.332763671875,,,,,,,85.54000091552734,,,,,,,85.8125,,,,,,,85.39250183105469,,,,,,,85.50499725341797,,,,,,,480102
2025-07-01,,,,,,,85.3626937866211,,,,,,,85.56999969482422,,,,,,,85.74501037597656,,,,,,,85.07000732421875,,,,,,,85.45249938964844,,,,,,,729411
2025-07-02,,,,,,,86.2879409790039,,,,,,,86.49749755859375,,,,,,,86.71012115478516,,,,,,,85.73750305175781,,,,,,,85.84249877929688,,,,,,,812011
2025-07-03,,,,,,,86.90394592285156,,,,,,,87.11499786376953,,,,,,,87.20249938964844,,,,,,,86.32749938964844,,,,,,,86.5625,,,,,,,341345
2025-07-04,,,,,,,86.47249603271484,,,,,,,86.68250274658203,,,,,,,86.74749755859375,,,,,,,86.48750305175781,,,,,,,86.67749786376953,,,,,,,180758
2025-07-07,,,,,,,86.47249603271484,,,,,,,86.68250274658203,,,,,,,87.26499938964844,,,,,,,86.64750671386719,,,,,,,86.91999816894531,,,,,,,398482
2025-07-08,,,,,,,86.7119140625,,,,,,,86.92250061035156,,,,,,,87.24250793457031,,,,,,,86.59249877929688,,,,,,,86.69249725341797,,,,,,,378536
2025-07-09,,,,,,,86.88150024414062,,,,,,,87.09249877929688,,,,,,,87.447509765625,,,,,,,86.66500854492188,,,,,,,86.72250366210938,,,,,,,395028
2025-07-10,,,,,,,87.51746368408203,,,,,,,87.7300033569336,,,,,,,87.94000244140625,,,,,,,86.90249633789062,,,,,,,86.96499633789062,,,,,,,282858
2025-07-11,,,,,,,87.59725952148438,,,,,,,87.80999755859375,,,,,,,87.9900131225586,,,,,,,87.23001098632812,,,,,,,87.69000244140625,,,,,,,295020
2025-07-14,,,,,,,87.98133087158203,,,,,,,88.19499969482422,,,,,,,88.25499725341797,,,,,,,87.43499755859375,,,,,,,87.66000366210938,,,,,,,328913
2025-07-15,,,,,,,88.51752471923828,,,,,,,88.73249816894531,,,,,,,88.88749694824219,,,,,,,88.5,,,,,,,88.7125015258789,,,,,,,494058
2025-07-16,,,,,,,87.24810791015625,,,,,,,87.45999908447266,,,,,,,88.69500732421875,,,,,,,87.45999908447266,,,,,,,88.00749969482422,,,,,,,451590
2025-07-17,,,,,,,88.61479187011719,,,,,,,88.83000183105469,,,,,,,89.4175033569336,,,,,,,88.02500915527344,,,,,,,88.77249908447266,,,,,,,670369
2025-07-18,,,,,,,88.56990814208984,,,,,,,88.78500366210938,,,,,,,89.12999725341797,,,,,,,88.63749694824219,,,,,,,89.10250091552734,,,,,,,318659
2025-07-21,,,,,,,88.68462371826172,,,,,,,88.9000015258789,,,,,,,89.12808227539062,,,,,,,88.61000061035156,,,,,,,89.01499938964844,,,,,,,451943
2025-07-22,,,,,,,88.1908187866211,,,,,,,88.40499877929688,,,,,,,88.87510681152344,,,,,,,88.27500915527344,,,,,,,88.69999694824219,,,,,,,405889
2025-07-23,,,,,,,88.25566864013672,,,,,,,88.47000122070312,,,,,,,88.86250305175781,,,,,,,88.30000305175781,,,,,,,88.60250091552734,,,,,,,296317
2025-07-24,,,,,,,89.05372619628906,,,,,,,89.2699966430664,,,,,,,89.42250061035156,,,,,,,88.85001373291016,,,,,,,88.90750122070312,,,,,,,556033
2025-07-25,,,,,,,89.77946472167969,,,,,,,89.99749755859375,,,,,,,90.10001373291016,,,,,,,89.5086669921875,,,,,,,89.53500366210938,,,,,,,490765
2025-07-28,,,,,,,90.17101287841797,,,,,,,90.38999938964844,,,,,,,90.87249755859375,,,,,,,90.23249816894531,,,,,,,90.61499786376953,,,,,,,239211
2025-07-29,,,,,,,90.3730239868164,,,,,,,90.59249877929688,,,,,,,91.37999725341797,,,,,,,90.54499816894531,,,,,,,90.97000122070312,,,,,,,279930
2025-07-30,,,,,,,90.6997299194336,,,,,,,90.91999816894531,,,,,,,91.16000366210938,,,,,,,90.34500122070312,,,,,,,90.51750183105469,,,,,,,443260
2025-07-31,,,,,,,91.26585388183594,,,,,,,91.48750305175781,,,,,,,92.28250122070312,,,,,,,91.24250793457031,,,,,,,91.72250366210938,,,,,,,633099
2025-08-01,,,,,,,88.9589614868164,,,,,,,89.17500305175781,,,,,,,90.80751037597656,,,,,,,88.69999694824219,,,,,,,90.7925033569336,,,,,,,625155
2025-08-04,,,,,,,89.82435607910156,,,,,,,90.0425033569336,,,,,,,107.01000213623047,,,,,,,89.25250244140625,,,,,,,89.3324966430664,,,,,,,582648
2025-08-05,,,,,,,89.5674819946289,,,,,,,89.78500366210938,,,,,,,90.66500854492188,,,,,,,89.70500183105469,,,,,,,90.625,,,,,,,490560
2025-08-06,,,,,,,89.85179138183594,,,,,,,90.06999969482422,,,,,,,90.30751037597656,,,,,,,89.62249755859375,,,,,,,90.12000274658203,,,,,,,374179
2025-08-07,,,,,,,89.32805633544922,,,,,,,89.54499816894531,,,,,,,90.79000854492188,,,,,,,89.54499816894531,,,,,,,90.16000366210938,,,,,,,462644
2025-08-08,,,,,,,89.64479064941406,,,,,,,89.86250305175781,,,,,,,90.24500274658203,,,,,,,89.59500122070312,,,,,,,89.67749786376953,,,,,,,375634
2025-08-11,,,,,,,90.08123779296875,,,,,,,90.30000305175781,,,,,,,94.76499938964844,,,,,,,89.95249938964844,,,,,,,90.13999938964844,,,,,,,548922
2025-08-12,,,,,,,89.98396301269531,,,,,,,90.20249938964844,,,,,,,90.33999633789062,,,,,,,89.73500061035156,,,,,,,90.08999633789062,,,,,,,499130
2025-08-13,,,,,,,89.97149658203125,,,,,,,90.19000244140625,,,,,,,90.5425033569336,,,,,,,90.11000061035156,,,,,,,90.44000244140625,,,,,,,448684
2025-08-14,,,,,,,90.11864471435547,,,,,,,90.3375015258789,,,,,,,90.76750183105469,,,,,,,89.8949966430664,,,,,,,90.2249984741211,,,,,,,256816
2025-08-15,,,,,,,89.99893188476562,,,,,,,90.21749877929688,,,,,,,90.79000854492188,,,,,,,90.15000915527344,,,,,,,90.76000213623047,,,,,,,163756
2025-08-18,,,,,,,90.15106201171875,,,,,,,90.37000274658203,,,,,,,90.635009765625,,,,,,,90.11000061035156,,,,,,,90.28500366210938,,,,,,,187344
2025-08-19,,,,,,,90.17599487304688,,,,,,,90.3949966430664,,,,,,,90.635009765625,,,,,,,90.1875,,,,,,,90.39250183105469,,,,,,,180994
2025-08-20,,,,,,,89.667236328125,,,,,,,89.88500213623047,,,,,,,90.27250671386719,,,,,,,89.32000732421875,,,,,,,90.0,,,,,,,280664
2025-08-21,,,,,,,90.03633880615234,,,,,,,90.25499725341797,,,,,,,90.34750366210938,,,,,,,89.69999694824219,,,,,,,90.2699966430664,,,,,,,461796
2025-08-22,,,,,,,90.58002471923828,,,,,,,90.80000305175781,,,,,,,90.98001098632812,,,,,,,90.00250244140625,,,,,,,90.02749633789062,,,,,,,306331
2025-08-26,,,,,,,90.39297485351562,,,,,,,90.61250305175781,,,,,,,90.760009765625,,,,,,,90.41251373291016,,,,,,,90.67250061035156,,,,,,,229173
2025-08-27,,,,,,,91.05635833740234,,,,,,,91.27749633789062,,,,,,,91.49501037597656,,,,,,,91.125,,,,,,,91.1500015258789,,,,,,,189454
2025-08-28,,,,,,,90.78202819824219,,,,,,,91.00250244140625,,,,,,,91.375,,,,,,,90.80000305175781,,,,,,,91.1449966430664,,,,,,,214575
2025-08-29,,,,,,,90.41790771484375,,,,,,,90.63749694824219,,,,,,,91.57000732421875,,,,,,,90.53250122070312,,,,,,,91.3550033569336,,,,,,,235107
2025-09-01,,,,,,,90.45033264160156,,,,,,,90.66999816894531,,,,,,,90.79000854492188,,,,,,,90.4900131225586,,,,,,,90.59249877929688,,,,,,,196309
2025-09-02,,,,,,,90.15106201171875,,,,,,,90.37000274658203,,,,,,,91.5,,,,,,,90.35501098632812,,,,,,,90.59750366210938,,,,,,,247616
2025-09-03,,,,,,,90.59498596191406,,,,,,,90.81500244140625,,,,,,,91.37750244140625,,,,,,,90.77250671386719,,,,,,,91.1050033569336,,,,,,,233372
2025-09-04,,,,,,,91.23343658447266,,,,,,,91.45500183105469,,,,,,,91.5,,,,,,,91.0374984741211,,,,,,,91.0374984741211,,,,,,,209678
2025-09-05,,,,,,,90.5376205444336,,,,,,,90.75749969482422,,,,,,,91.99749755859375,,,,,,,90.41251373291016,,,,,,,91.94000244140625,,,,,,,275200
2025-09-08,,,,,,,90.95660400390625,,,,,,,91.17749786376953,,,,,,,91.3324966430664,,,,,,,90.88999938964844,,,,,,,91.17749786376953,,,,,,,214700
2025-09-09,,,,,,,90.89924621582031,,,,,,,91.12000274658203,,,,,,,91.19999694824219,,,,,,,90.83999633789062,,,,,,,91.07749938964844,,,,,,,176783
2025-09-10,,,,,,,91.31573486328125,,,,,,,91.5374984741211,,,,,,,91.90499877929688,,,,,,,91.43000793457031,,,,,,,91.6624984741211,,,,,,,306451
2025-09-11,,,,,,,91.8993148803711,,,,,,,92.12249755859375,,,,,,,92.15499877929688,,,,,,,91.56500244140625,,,,,,,91.8499984741211,,,,,,,282383
2025-09-12,,,,,,,92.05643463134766,,,,,,,92.27999877929688,,,,,,,92.40000915527344,,,,,,,92.08000183105469,,,,,,,92.17500305175781,,,,,,,206277
2025-09-15,,,,,,,92.10880279541016,,,,,,,92.3324966430664,,,,,,,92.50750732421875,,,,,,,91.81749725341797,,,,,,,92.30999755859375,,,,,,,340713
2025-09-16,,,,,,,91.67485809326172,,,,,,,91.89749908447266,,,,,,,92.45249938964844,,,,,,,91.7699966430664,,,,,,,92.26249694824219,,,,,,,205168
2025-09-17,,,,,,,91.50277709960938,,,,,,,91.7249984741211,,,,,,,92.11750793457031,,,,,,,91.67500305175781,,,,,,,91.99749755859375,,,,,,,184910
2025-09-18,,,,,,,92.87249755859375,,,,,,,92.87249755859375,,,,,,,92.9900131225586,,,,,,,92.15249633789062,,,,,,,92.38999938964844,,,,,,,347606
2025-09-19,,,,,,,93.24500274658203,,,,,,,93.24500274658203,,,,,,,93.54000854492188,,,,,,,92.90499877929688,,,,,,,92.93499755859375,,,,,,,347825
2025-09-22,,,,,,,93.61499786376953,,,,,,,93.61499786376953,,,,,,,93.75,,,,,,,93.1150131225586,,,,,,,93.51000213623047,,,,,,,254644
2025-09-23,,,,,,,93.74749755859375,,,,,,,93.74749755859375,,,,,,,94.04499816894531,,,,,,,93.6624984741211,,,,,,,93.83999633789062,,,,,,,287406
2025-09-24,,,,,,,93.6675033569336,,,,,,,93.6675033569336,,,,,,,95.5999984741211,,,,,,,93.51249694824219,,,,,,,93.62000274658203,,,,,,,272600
2025-09-25,,,,,,,93.88500213623047,,,,,,,93.88500213623047,,,,,,,93.93000793457031,,,,,,,93.09750366210938,,,,,,,93.39250183105469,,,,,,,304535
2025-09-26,,,,,,,93.56500244140625,,,,,,,93.56500244140625,,,,,,,94.10001373291016,,,,,,,93.37750244140625,,,,,,,93.8125,,,,,,,320468
2025-09-29,,,,,,,93.94999694824219,,,,,,,93.94999694824219,,,,,,,95.36000061035156,,,,,,,93.8324966430664,,,,,,,94.00749969482422,,,,,,,351147
2025-09-30,,,,,,,93.72750091552734,,,,,,,93.72750091552734,,,,,,,93.9900131225586,,,,,,,93.5199966430664,,,,,,,93.80500030517578,,,,,,,370390
2025-10-01,,,,,,,94.0625,,,,,,,94.0625,,,,,,,95.66000366210938,,,,,,,93.20249938964844,,,,,,,93.33499908447266,,,,,,,431857
2025-10-02,,,,,,,94.63500213623047,,,,,,,94.63500213623047,,,,,,,96.0,,,,,,,94.25499725341797,,,,,,,94.31500244140625,,,,,,,307504
2025-10-03,,,,,,,94.78250122070312,,,,,,,94.78250122070312,,,,,,,95.0,,,,,,,94.5999984741211,,,,,,,95.0,,,,,,,255418
2025-10-06,,,,,,,94.73999786376953,,,,,,,94.73999786376953,,,,,,,104.2750015258789,,,,,,,94.50250244140625,,,,,,,94.98999786376953,,,,,,,521015
2025-10-07,,,,,,,94.66500091552734,,,,,,,94.66500091552734,,,,,,,95.41500854492188,,,,,,,94.63379669189453,,,,,,,94.86250305175781,,,,,,,313215
2025-10-08,,,,,,,95.39250183105469,,,,,,,95.39250183105469,,,,,,,95.42250061035156,,,,,,,94.79499816894531,,,,,,,94.99500274658203,,,,,,,420350
2025-10-09,,,,,,,95.84249877929688,,,,,,,95.84249877929688,,,,,,,95.98500061035156,,,,,,,95.52999877929688,,,,,,,95.77249908447266,,,,,,,326875
2025-10-10,,,,,,,94.12999725341797,,,,,,,94.12999725341797,,,,,,,96.67250061035156,,,,,,,94.12999725341797,,,,,,,96.0374984741211,,,,,,,736872
2025-10-13,,,,,,,94.5625,,,,,,,94.5625,,,,,,,96.37999725341797,,,,,,,93.76249694824219,,,,,,,94.3375015258789,,,,,,,642722
2025-10-14,,,,,,,94.44000244140625,,,,,,,94.44000244140625,,,,,,,94.55999755859375,,,,,,,93.44999694824219,,,,,,,94.26000213623047,,,,,,,354924
2025-10-15,,,,,,,94.66500091552734,,,,,,,94.66500091552734,,,,,,,95.4275131225586,,,,,,,94.61250305175781,,,,,,,94.65249633789062,,,,,,,390591
2025-10-16,,,,,,,94.3949966430664,,,,,,,94.3949966430664,,,,,,,94.7699966430664,,,,,,,94.16500091552734,,,,,,,94.5374984741211,,,,,,,353165
2025-10-17,,,,,,,93.53250122070312,,,,,,,93.53250122070312,,,,,,,94.15750122070312,,,,,,,92.125,,,,,,,92.62249755859375,,,,,,,557912
2025-10-20,,,,,,,95.02999877929688,,,,,,,95.02999877929688,,,,,,,95.19500732421875,,,,,,,94.24501037597656,,,,,,,94.51750183105469,,,,,,,358821
2025-10-21,,,,,,,95.47250366210938,,,,,,,95.47250366210938,,,,,,,95.65000915527344,,,,,,,95.1775131225586,,,,,,,95.23249816894531,,,,,,,328631
2025-10-22,,,,,,,94.97250366210938,,,,,,,94.97250366210938,,,,,,,96.07749938964844,,,,,,,94.97250366210938,,,,,,,95.94750213623047,,,,,,,337458
2025-10-23,,,,,,,95.6875,,,,,,,95.6875,,,,,,,95.71749877929688,,,,,,,94.96250915527344,,,,,,,95.29750061035156,,,,,,,359582
2025-10-27,,,,,,,97.51249694824219,,,,,,,97.51249694824219,,,,,,,97.58999633789062,,,,,,,97.18251037597656,,,,,,,97.49500274658203,,,,,,,297360
2025-10-28,,,,,,,98.30000305175781,,,,,,,98.30000305175781,,,,,,,98.57000732421875,,,,,,,97.63749694824219,,,,,,,97.6624984741211,,,,,,,283285
2025-10-29,,,,,,,98.92250061035156,,,,,,,98.92250061035156,,,,,,,99.32749938964844,,,,,,,98.6775131225586,,,,,,,99.03500366210938,,,,,,,356048
2025-10-30,,,,,,,98.93000030517578,,,,,,,98.93000030517578,,,,,,,99.22750854492188,,,,,,,98.59500122070312,,,,,,,99.0425033569336,,,,,,,549081
2025-10-31,,,,,,,98.73249816894531,,,,,,,98.73249816894531,,,,,,,99.5824966430664,,,,,,,98.55500030517578,,,,,,,99.1449966430664,,,,,,,380276
2025-11-03,,,,,,,98.7249984741211,,,,,,,98.7249984741211,,,,,,,99.4900131225586,,,,,,,98.55751037597656,,,,,,,98.77749633789062,,,,,,,333653
2025-11-04,,,,,,,98.82749938964844,,,,,,,98.82749938964844,,,,,,,99.30000305175781,,,,,,,98.0,,,,,,,98.125,,,,,,,397802
2025-11-05,,,,,,,98.91999816894531,,,,,,,98.91999816894531,,,,,,,99.16500854492188,,,,,,,98.14750671386719,,,,,,,98.31999969482422,,,,,,,430037
2025-11-06,,,,,,,97.34500122070312,,,,,,,97.34500122070312,,,,,,,98.83500671386719,,,,,,,97.23750305175781,,,,,,,98.4175033569336,,,,,,,520943
2025-11-07,,,,,,,95.75250244140625,,,,,,,95.75250244140625,,,,,,,97.55751037597656,,,,,,,95.66751098632812,,,,,,,97.4124984741211,,,,,,,456529
2025-11-10,,,,,,,97.64749908447266,,,,,,,97.64749908447266,,,,,,,98.16751098632812,,,,,,,97.49250793457031,,,,,,,97.64749908447266,,,,,,,411475
2025-11-11,,,,,,,98.1050033569336,,,,,,,98.1050033569336,,,,,,,98.63999938964844,,,,,,,97.97501373291016,,,,,,,98.5250015258789,,,,,,,327288
2025-11-12,,,,,,,98.81999969482422,,,,,,,98.81999969482422,,,,,,,99.57749938964844,,,,,,,98.62001037597656,,,,,,,99.0625,,,,,,,297954
2025-11-13,,,,,,,97.44750213623047,,,,,,,97.44750213623047,,,,,,,99.10250854492188,,,,,,,97.28751373291016,,,,,,,98.98249816894531,,,,,,,243967
2025-11-14,,,,,,,97.35749816894531,,,,,,,97.35749816894531,,,,,,,97.53250122070312,,,,,,,95.73001098632812,,,,,,,97.00749969482422,,,,,,,369644
2025-11-17,,,,,,,96.79000091552734,,,,,,,96.79000091552734,,,,,,,97.69500732421875,,,,,,,96.41000366210938,,,,,,,97.5,,,,,,,310030
